season,pos,name,espn_id,team,pass_yds,pass_td,rush_yds,rush_td,rec_yds,rec_td,already_in_pool,approved
1995,QB,Jeff George,69,ATL,4143,24,17,0,0,0,,
1995,QB,John Elway,6470,DEN,3970,26,176,1,0,0,yes,
1995,QB,Jim Everett,6430,NO,3970,26,42,0,0,0,,
1995,QB,Drew Bledsoe,393,NE,3507,13,28,0,-9,0,yes,
1995,QB,Jim Kelly,6410,BUF,3130,22,20,0,0,0,,
1995,RB,Terrell Davis,790,DEN,0,0,1117,7,367,1,yes,
1995,RB,Rodney Hampton,6666,NYG,0,0,1182,10,142,0,,
1995,TE,Tony McGee,395,CIN,0,0,0,0,754,4,,
1995,TE,Jackie Harris,84,TB,0,0,0,0,751,1,,
1995,WR,Isaac Bruce,658,LAR,0,0,17,0,1781,13,yes,
1995,WR,Joey Galloway,751,SEA,0,0,154,1,1039,7,,
1996,QB,Ty Detmer,321,PHI,2911,15,59,1,0,0,,
1996,QB,Dan Marino,1,MIA,2795,17,-3,0,0,0,yes,
1996,QB,Trent Dilfer,649,TB,2859,12,124,0,0,0,yes,
1996,QB,Jim Kelly,6410,BUF,2810,14,66,2,0,0,,
1996,QB,Jim Everett,6430,NO,2797,12,3,0,0,0,,
1996,RB,Emmitt Smith,72,DAL,0,0,1204,12,249,3,yes,
1996,RB,Eddie George,930,TEN,0,0,1368,8,182,0,yes,
1996,RB,Thurman Thomas,4,BUF,0,0,1033,8,254,0,,
1996,RB,Marcus Allen,6465,KC,0,0,830,9,270,0,,
1996,WR,Jerry Rice,12,SF,0,0,77,1,1254,8,yes,
1996,WR,Jimmy Smith,278,JAX,0,0,0,0,1244,7,yes,
1996,WR,Andre Reed,6,BUF,0,0,22,0,1036,6,,
1996,WR,Joey Galloway,751,SEA,0,0,127,0,987,7,,
1996,WR,Antonio Freeman,890,GB,0,0,0,0,933,9,yes,
1997,QB,Dan Marino,1,MIA,3780,16,-14,0,0,0,yes,
1997,QB,Troy Aikman,53,DAL,3283,19,79,0,0,0,yes,
1997,QB,Kordell Stewart,736,PIT,3020,21,476,11,0,0,yes,
1997,QB,Vinny Testaverde,9,BAL,2971,18,138,0,-4,0,yes,
1997,RB,Ricky Watters,114,PHI,0,0,1110,7,440,0,yes,
1997,RB,Marshall Faulk,548,IND,0,0,1054,7,471,1,yes,
1997,RB,Corey Dillon,1196,CIN,0,0,1129,10,259,0,yes,
1997,RB,Curtis Martin,775,NE,0,0,1160,4,296,1,yes,
1997,RB,Jamal Anderson,656,ATL,27,1,1002,7,284,3,yes,
1997,WR,Antonio Freeman,890,GB,0,0,14,0,1243,12,yes,
1997,WR,Rod Smith,866,DEN,0,0,16,0,1180,12,yes,
1997,WR,Michael Irvin,23,DAL,0,0,0,0,1180,9,yes,
1997,WR,Joey Galloway,751,SEA,0,0,72,0,1049,12,,
1997,WR,Keenan McCardell,276,JAX,0,0,0,0,1164,5,yes,
1997,WR,Robert Brooks,310,GB,0,0,19,0,1010,7,,
1997,WR,Frank Sanders,749,ARI,26,0,5,0,1017,4,,
1998,QB,Brett Favre,112,GB,4212,31,133,1,0,0,yes,
1998,QB,Peyton Manning,1428,IND,3739,26,62,0,0,0,yes,
1998,QB,Jake Plummer,1177,ARI,3737,17,217,4,0,0,yes,
1998,QB,Drew Bledsoe,393,NE,3633,20,44,0,0,0,yes,
1998,QB,Dan Marino,1,MIA,3497,23,-3,1,0,0,yes,
1998,QB,Trent Green,478,WSH,3441,23,117,2,-8,0,yes,
1998,QB,Steve McNair,733,TEN,3228,15,559,4,0,0,yes,
1998,QB,Trent Dilfer,649,TB,2729,21,141,2,0,0,yes,
1998,QB,Mark Brunell,445,JAX,2601,20,192,0,0,0,yes,
1998,RB,Fred Taylor,1430,JAX,0,0,1223,14,421,3,yes,
1998,RB,Ricky Watters,114,SEA,1,1,1239,9,373,0,yes,
1998,RB,Duce Staley,1256,PHI,0,0,1065,5,432,1,,
1998,RB,Warrick Dunn,1175,TB,0,0,1026,2,344,0,yes,
1998,RB,Corey Dillon,1196,CIN,0,0,1130,4,178,1,yes,
1998,RB,Priest Holmes,1306,BAL,0,0,1008,7,260,0,yes,
1998,TE,Frank Wycheck,516,TEN,0,0,0,0,768,2,yes,
1998,WR,Terrell Owens,1056,SF,0,0,53,1,1097,14,yes,
1998,WR,Rod Smith,866,DEN,14,0,63,0,1222,6,yes,
1998,WR,Joey Galloway,751,SEA,0,0,26,0,1047,10,,
1998,WR,Wayne Chrebet,796,NYJ,0,0,0,0,1083,8,,
1998,WR,Frank Sanders,749,ARI,0,0,0,0,1145,3,,
1998,WR,Tim Brown,16,LV,0,0,-7,0,1012,9,yes,
1999,QB,Brett Favre,112,GB,4091,22,142,0,0,0,yes,
1999,QB,Drew Bledsoe,393,NE,3985,19,101,0,0,0,yes,
1999,QB,Jon Kitna,1383,SEA,3346,23,56,0,0,0,,
1999,QB,Doug Flutie,35,BUF,3171,19,476,1,0,0,yes,
1999,QB,Brian Griese,1493,DEN,3032,14,138,2,0,0,yes,
1999,QB,Troy Aikman,53,DAL,2964,17,10,1,0,0,yes,
1999,QB,Jim Harbaugh,27,LAC,2761,10,126,0,0,0,yes,
1999,QB,Jeff Garcia,2026,SF,2544,11,231,2,0,0,yes,
1999,RB,Curtis Martin,775,NYJ,0,0,1464,5,259,0,yes,
1999,RB,Ricky Watters,114,SEA,0,0,1210,5,387,2,yes,
1999,RB,Duce Staley,1256,PHI,0,0,1273,4,294,2,,
1999,WR,Amani Toomer,941,NYG,0,0,4,0,1183,6,,
1999,WR,Antonio Freeman,890,GB,0,0,-2,0,1074,6,yes,
2000,QB,Brett Favre,112,GB,3812,20,108,0,0,0,yes,
2000,QB,Vinny Testaverde,9,NYJ,3732,21,32,0,0,0,yes,
2000,QB,Kerry Collins,734,NYG,3610,22,65,1,0,0,yes,
2000,QB,Mark Brunell,445,JAX,3640,20,236,2,0,0,yes,
2000,QB,Drew Bledsoe,393,NE,3291,17,158,2,0,0,yes,
2000,QB,Jake Plummer,1177,ARI,2946,13,183,0,0,0,yes,
2000,RB,Ricky Watters,114,SEA,0,0,1242,7,613,2,yes,
2000,RB,Ahman Green,1432,GB,0,0,1175,10,559,3,yes,
2000,RB,Curtis Martin,775,NYJ,18,1,1204,9,508,2,yes,
2000,RB,Fred Taylor,1430,JAX,0,0,1399,12,240,2,yes,
2000,RB,Tiki Barber,1218,NYG,0,0,1006,8,719,1,yes,
2000,RB,Jamal Lewis,2136,BAL,0,0,1364,6,296,0,yes,
2000,RB,James Stewart,740,DET,0,0,1184,10,287,1,,
2000,TE,Shannon Sharpe,91,BAL,0,0,0,0,810,5,yes,
2000,WR,Derrick Alexander,567,KC,0,0,45,0,1391,10,,
2000,WR,Ed McCaffrey,120,DEN,0,0,0,0,1317,9,yes,
2000,WR,Tim Brown,16,LV,0,0,12,0,1128,11,yes,
2000,WR,Keenan McCardell,276,JAX,0,0,0,0,1207,5,yes,
2000,WR,Muhsin Muhammad,936,CAR,0,0,12,0,1183,6,yes,
2000,WR,David Boston,1759,ARI,0,0,9,0,1156,7,yes,
2000,WR,Amani Toomer,941,NYG,0,0,91,1,1094,7,,
2000,WR,Wayne Chrebet,796,NYJ,0,0,-3,0,937,8,,
2000,WR,Antonio Freeman,890,GB,0,0,5,0,912,9,yes,
2000,WR,Terry Glenn,940,NE,0,0,39,0,963,6,yes,
2000,WR,Bill Schroeder,640,GB,0,0,11,0,999,4,,
2001,QB,Peyton Manning,1428,IND,4131,26,157,4,0,0,yes,
2001,QB,Aaron Brooks,1884,NO,3832,26,358,1,0,0,,
2001,QB,Kerry Collins,734,NYG,3764,19,73,0,-2,0,yes,
2001,QB,Trent Green,478,KC,3783,17,158,0,1,0,yes,
2001,QB,Jake Plummer,1177,ARI,3653,18,163,0,0,0,yes,
2001,QB,Steve McNair,733,TEN,3350,21,414,5,0,0,yes,
2001,QB,Doug Flutie,35,LAC,3464,15,192,1,0,0,yes,
2001,QB,Jay Fiedler,712,MIA,3290,20,321,4,0,0,,
2001,QB,Mark Brunell,445,JAX,3309,19,224,1,0,0,yes,
2001,RB,Shaun Alexander,2150,SEA,0,0,1318,14,343,2,yes,
2001,RB,Ricky Williams,1756,NO,0,0,1245,6,511,1,yes,
2001,RB,LaDainian Tomlinson,2553,LAC,0,0,1236,10,367,0,yes,
2001,RB,Stephen Davis,979,WSH,0,0,1432,5,205,0,yes,
2001,RB,Antowain Smith,1176,NE,0,0,1157,12,192,1,,
2001,RB,Tiki Barber,1218,NYG,0,0,865,4,577,0,yes,
2001,RB,Dominic Rhodes,2893,IND,0,0,1104,9,224,0,,
2001,TE,Marcus Pollard,909,IND,0,0,0,0,739,8,,
2001,WR,Randy Moss,1433,MIN,29,0,38,0,1233,10,yes,
2001,WR,Jerry Rice,12,LV,0,0,0,0,1139,9,yes,
2001,WR,Derrick Mason,1263,TEN,0,0,0,0,1128,9,yes,
2001,WR,Kevin Johnson,1784,CLE,0,0,0,0,1097,9,,
2001,WR,Curtis Conway,388,LAC,0,0,116,1,1125,6,,
2001,WR,Marty Booker,1831,CHI,34,1,8,0,1071,8,yes,
2001,WR,Keenan McCardell,276,JAX,0,0,0,0,1110,6,yes,
2001,WR,Qadry Ismail,387,BAL,0,0,0,0,1059,7,,
2001,WR,Amani Toomer,941,NYG,0,0,8,0,1054,5,,
2002,QB,Kerry Collins,734,NYG,4073,19,-3,0,0,0,yes,
2002,QB,Tom Brady,2330,NE,3764,28,110,1,0,0,yes,
2002,QB,Daunte Culpepper,1762,MIN,3853,18,609,10,0,0,yes,
2002,QB,Trent Green,478,KC,3690,26,225,1,0,0,yes,
2002,QB,Aaron Brooks,1884,NO,3572,27,253,2,0,0,,
2002,QB,Steve McNair,733,TEN,3387,22,440,3,0,0,yes,
2002,QB,Drew Brees,2580,LAC,3284,17,130,1,0,0,yes,
2002,QB,Chad Pennington,2149,NYJ,3120,22,49,2,0,0,,
2002,QB,Brian Griese,1493,DEN,3214,15,107,1,0,0,yes,
2002,QB,Jon Kitna,1383,CIN,3178,16,57,4,0,0,,
2002,QB,Matt Hasselbeck,1575,SEA,3075,15,202,1,0,0,yes,
2002,RB,Clinton Portis,3579,DEN,0,0,1508,15,364,2,yes,
2002,RB,Tiki Barber,1218,NYG,0,0,1387,11,597,0,yes,
2002,RB,Charlie Garner,616,LV,0,0,962,7,941,4,yes,
2002,RB,Shaun Alexander,2150,SEA,0,0,1175,16,460,2,yes,
2002,RB,Jamal Lewis,2136,BAL,0,0,1327,6,442,1,yes,
2002,RB,Fred Taylor,1430,JAX,0,0,1314,8,408,0,yes,
2002,RB,Corey Dillon,1196,CIN,0,0,1311,7,298,0,yes,
2002,RB,Duce Staley,1256,PHI,0,0,1029,5,541,3,,
2002,WR,Amani Toomer,941,NYG,0,0,2,0,1343,8,,
2002,WR,Plaxico Burress,2139,PIT,0,0,0,0,1325,7,,
2002,WR,Peerless Price,1806,BUF,0,0,-13,0,1252,9,,
2002,WR,Torry Holt,1757,LAR,0,0,18,0,1302,4,yes,
2002,WR,Laveranues Coles,2209,NYJ,0,0,39,0,1264,5,yes,
2002,WR,Koren Robinson,2557,SEA,0,0,56,0,1240,5,,
2002,WR,Chad Johnson,2584,CIN,0,0,0,0,1166,5,yes,
2002,WR,Isaac Bruce,658,LAR,0,0,18,0,1075,7,yes,
2002,WR,Keyshawn Johnson,924,TB,0,0,0,0,1088,5,yes,
2002,WR,Jimmy Smith,278,JAX,0,0,2,0,1027,7,yes,
2002,WR,Rod Gardner,2563,WSH,0,0,1,0,1006,8,,
2003,QB,Brad Johnson,331,TB,3811,26,33,0,0,0,yes,
2003,QB,Jon Kitna,1383,CIN,3591,26,113,0,0,0,,
2003,QB,Tom Brady,2330,NE,3620,23,63,1,0,0,yes,
2003,QB,Aaron Brooks,1884,NO,3546,24,175,2,0,0,,
2003,QB,Tommy Maddox,279,PIT,3414,18,12,0,0,0,,
2003,QB,Jake Delhomme,1693,CAR,3219,19,39,1,0,0,yes,
2003,QB,Kerry Collins,734,NYG,3110,13,49,0,0,0,yes,
2003,QB,Joey Harrington,3531,DET,2880,17,86,0,8,0,,
2003,QB,Byron Leftwich,4465,JAX,2819,14,108,2,0,0,,
2003,RB,LaDainian Tomlinson,2553,LAC,21,1,1645,13,725,4,yes,
2003,RB,Fred Taylor,1430,JAX,0,0,1572,6,370,1,yes,
2003,RB,Ricky Williams,1756,MIA,0,0,1372,9,351,1,yes,
2003,RB,Edgerrin James,1755,IND,0,0,1259,11,292,0,yes,
2003,RB,Tiki Barber,1218,NYG,0,0,1216,2,461,1,yes,
2003,RB,Travis Henry,2606,BUF,0,0,1356,10,158,1,yes,
2003,RB,Curtis Martin,775,NYJ,0,0,1308,2,262,0,yes,
2003,TE,Shannon Sharpe,91,DEN,0,0,0,0,770,8,yes,
2003,WR,Darrell Jackson,2211,SEA,0,0,0,0,1137,9,,
2003,WR,Santana Moss,2564,NYJ,0,0,67,0,1105,10,yes,
2003,WR,Steve Smith Sr.,2622,CAR,0,0,42,0,1110,7,,
2003,WR,Chris Chambers,2600,MIA,0,0,30,0,963,11,yes,
2003,WR,Joe Horn,1042,NO,14,0,15,0,973,10,yes,
2003,WR,Amani Toomer,941,NYG,0,0,5,0,1057,5,,
2003,WR,Isaac Bruce,658,LAR,66,0,17,0,981,5,yes,
2003,WR,Andre Johnson,4461,HOU,0,0,-10,0,976,4,yes,
2003,WR,David Boston,1759,LAC,0,0,18,0,880,7,yes,
2003,WR,Reggie Wayne,2578,IND,0,0,0,0,838,7,yes,
2003,WR,Koren Robinson,2557,SEA,0,0,15,0,896,4,,
2004,QB,Trent Green,478,KC,4591,27,85,0,0,0,yes,
2004,QB,Brett Favre,112,GB,4088,30,36,0,0,0,yes,
2004,QB,Jake Plummer,1177,DEN,4089,27,202,1,0,0,yes,
2004,QB,Jake Delhomme,1693,CAR,3886,29,71,1,0,0,yes,
2004,QB,Marc Bulger,2299,LAR,3964,21,89,3,0,0,yes,
2004,QB,Aaron Brooks,1884,NO,3810,21,173,4,1,0,,
2004,QB,Kerry Collins,734,LV,3495,21,36,0,0,0,yes,
2004,QB,Vinny Testaverde,9,DAL,3532,17,38,1,0,0,yes,
2004,QB,David Carr,3529,HOU,3531,16,299,0,0,0,,
2004,RB,Clinton Portis,3579,WSH,15,1,1315,5,235,2,yes,
2004,RB,Reuben Droughns,2212,DEN,0,0,1240,6,241,2,,
2004,RB,Fred Taylor,1430,JAX,0,0,1224,2,345,1,yes,
2004,RB,Warrick Dunn,1175,ATL,0,0,1106,9,294,0,yes,
2004,RB,Willis McGahee,4481,BUF,0,0,1128,13,169,0,yes,
2004,RB,Michael Pittman,1497,TB,0,0,926,7,391,3,,
2004,RB,Thomas Jones,2138,CHI,0,0,948,7,427,0,yes,
2004,TE,Randy McMichael,3642,MIA,0,0,0,0,791,4,,
2004,TE,Eric Johnson,2773,SF,0,0,0,0,825,2,,
2004,WR,Drew Bennett,2898,TEN,26,1,12,0,1247,11,,
2004,WR,Reggie Wayne,2578,IND,0,0,-4,0,1210,12,yes,
2004,WR,Isaac Bruce,658,LAR,0,0,0,0,1292,6,yes,
2004,WR,Donald Driver,1966,GB,0,0,4,0,1208,9,yes,
2004,WR,Darrell Jackson,2211,SEA,0,0,0,0,1199,7,,
2004,WR,Michael Clayton,5540,TB,0,0,30,0,1193,7,,
2004,WR,Derrick Mason,1263,TEN,0,0,-3,0,1168,7,yes,
2004,WR,Jimmy Smith,278,JAX,0,0,0,0,1172,6,yes,
2004,WR,Rod Smith,866,DEN,0,0,33,0,1144,7,yes,
2004,WR,Brandon Stokley,1858,IND,0,0,0,0,1077,10,,
2004,WR,Eddie Kennison,943,KC,0,0,15,0,1086,8,,
2005,QB,Brett Favre,112,GB,3881,20,62,0,0,0,yes,
2005,QB,Eli Manning,5526,NYG,3762,24,80,1,0,0,yes,
2005,QB,Kerry Collins,734,LV,3759,20,39,1,0,0,yes,
2005,QB,Drew Bledsoe,393,DAL,3639,23,50,2,0,0,yes,
2005,QB,Drew Brees,2580,LAC,3576,24,49,1,0,0,yes,
2005,QB,Mark Brunell,445,WSH,3050,23,111,0,0,0,yes,
2005,QB,Gus Frerotte,622,MIA,2996,18,61,0,0,0,yes,
2005,QB,Aaron Brooks,1884,NO,2882,13,281,2,0,0,,
2005,QB,Kurt Warner,1682,ARI,2713,11,28,0,0,0,yes,
2005,RB,Clinton Portis,3579,WSH,17,1,1516,11,216,0,yes,
2005,RB,LaMont Jordan,2597,LV,0,0,1025,9,563,2,,
2005,RB,Rudi Johnson,2649,CIN,0,0,1458,12,90,0,yes,
2005,RB,Thomas Jones,2138,CHI,0,0,1335,9,143,0,yes,
2005,RB,Reuben Droughns,2212,CLE,0,0,1232,2,369,0,,
2005,RB,Steven Jackson,5549,LAR,0,0,1046,8,320,2,yes,
2005,RB,Willis McGahee,4481,BUF,0,0,1247,5,178,0,yes,
2005,RB,Willie Parker,5880,PIT,0,0,1202,4,218,1,yes,
2005,TE,Todd Heap,2579,BAL,0,0,0,0,855,7,yes,
2005,TE,Chris Cooley,5606,WSH,0,0,0,0,774,7,yes,
2005,WR,Steve Smith Sr.,2622,CAR,0,0,25,1,1563,12,,
2005,WR,Anquan Boldin,4512,ARI,0,0,45,0,1402,7,yes,
2005,WR,Joey Galloway,751,TB,0,0,4,0,1287,10,,
2005,WR,Plaxico Burress,2139,NYG,0,0,0,0,1214,7,,
2005,WR,Donald Driver,1966,GB,0,0,13,0,1221,5,yes,
2005,WR,Terry Glenn,940,DAL,0,0,-4,1,1136,7,yes,
2005,WR,Eddie Kennison,943,KC,0,0,43,0,1102,5,,
2005,WR,Hines Ward,1494,PIT,0,0,10,0,975,11,yes,
2005,WR,Randy Moss,1433,LV,0,0,0,0,1005,8,yes,
2005,WR,Reggie Wayne,2578,IND,0,0,0,0,1055,5,yes,
2005,WR,Jimmy Smith,278,JAX,0,0,0,0,1023,6,yes,
2006,QB,Jon Kitna,1383,DET,4208,21,156,2,0,0,,
2006,QB,Brett Favre,112,GB,3885,18,29,1,0,0,yes,
2006,QB,Tom Brady,2330,NE,3529,24,102,0,0,0,yes,
2006,QB,Ben Roethlisberger,5536,PIT,3513,18,98,2,0,0,yes,
2006,QB,Eli Manning,5526,NYG,3244,24,21,0,0,0,yes,
2006,QB,Chad Pennington,2149,NYJ,3352,17,109,0,0,0,,
2006,QB,Rex Grossman,4480,CHI,3193,23,2,0,-4,0,,
2006,QB,J.P. Losman,5547,BUF,3051,19,140,1,0,0,,
2006,QB,Steve McNair,733,BAL,3050,16,119,1,0,0,yes,
2006,RB,Brian Westbrook,3619,PHI,0,0,1217,7,699,4,yes,
2006,RB,Ladell Betts,3584,WSH,0,0,1154,4,445,1,,
2006,RB,Maurice Jones-Drew,9646,JAX,0,0,941,13,436,2,yes,
2006,RB,Rudi Johnson,2649,CIN,0,0,1309,12,124,0,yes,
2006,RB,Chester Taylor,3784,MIN,0,0,1216,6,288,0,,
2006,RB,Joseph Addai,9616,IND,0,0,1081,7,325,1,yes,
2006,RB,Ahman Green,1432,GB,0,0,1059,5,373,1,yes,
2006,RB,Fred Taylor,1430,JAX,0,0,1146,5,242,1,yes,
2006,TE,Kellen Winslow,5531,CLE,0,0,0,0,875,3,yes,
2006,TE,Todd Heap,2579,BAL,0,0,0,0,765,6,yes,
2006,WR,Lee Evans,5538,BUF,0,0,0,0,1292,8,,
2006,WR,Terrell Owens,1056,DAL,0,0,0,0,1180,13,yes,
2006,WR,Steve Smith Sr.,2622,CAR,0,0,61,1,1166,8,,
2006,WR,T.J. Houshmandzadeh,2753,CIN,0,0,6,0,1081,9,yes,
2006,WR,Javon Walker,3548,DEN,0,0,123,1,1084,8,yes,
2006,WR,Laveranues Coles,2209,NYJ,0,0,14,0,1098,6,yes,
2006,WR,Mike Furrey,4939,DET,0,0,0,0,1086,6,,
2006,WR,Marques Colston,9838,NO,0,0,0,0,1038,8,,
2006,WR,Joey Galloway,751,TB,0,0,9,0,1057,7,,
2006,WR,Plaxico Burress,2139,NYG,0,0,0,0,988,10,,
2006,WR,Terry Glenn,940,DAL,0,0,11,0,1047,6,yes,
2007,QB,Drew Brees,2580,NO,4423,28,52,1,10,0,yes,
2007,QB,Carson Palmer,4459,CIN,4131,26,10,0,0,0,yes,
2007,QB,Jon Kitna,1383,DET,4068,18,63,0,9,0,,
2007,QB,Kurt Warner,1682,ARI,3417,27,15,1,0,0,yes,
2007,QB,Jay Cutler,9597,DEN,3497,20,205,1,0,0,yes,
2007,QB,Eli Manning,5526,NYG,3336,23,69,1,0,0,yes,
2007,QB,Donovan McNabb,1753,PHI,3324,19,236,0,0,0,yes,
2007,QB,Philip Rivers,5529,LAC,3152,21,33,1,0,0,yes,
2007,QB,Jason Campbell,8440,WSH,2700,12,185,1,0,0,,
2007,QB,David Garrard,3636,JAX,2509,18,185,1,0,0,yes,
2007,RB,Clinton Portis,3579,WSH,15,1,1262,11,389,0,yes,
2007,RB,Jamal Lewis,2136,CLE,0,0,1304,9,248,2,yes,
2007,RB,Frank Gore,8479,SF,0,0,1102,5,436,1,yes,
2007,RB,Edgerrin James,1755,ARI,0,0,1222,7,204,0,yes,
2007,RB,Marshawn Lynch,10456,BUF,8,1,1115,7,184,0,yes,
2007,RB,Earnest Graham,4950,TB,0,0,898,10,324,0,,
2007,RB,Steven Jackson,5549,LAR,2,1,1002,5,271,1,yes,
2007,RB,Thomas Jones,2138,NYJ,0,0,1119,1,217,1,yes,
2007,TE,Owen Daniels,9684,HOU,0,0,0,0,768,3,yes,
2007,WR,Brandon Marshall,9705,DEN,0,0,57,0,1325,7,yes,
2007,WR,Marques Colston,9838,NO,0,0,0,0,1202,11,,
2007,WR,Wes Welker,5941,NE,0,0,34,0,1175,8,yes,
2007,WR,Roddy White,8442,ATL,0,0,-2,0,1202,6,yes,
2007,WR,Bobby Engram,937,SEA,0,0,0,0,1147,6,,
2007,WR,Plaxico Burress,2139,NYG,0,0,0,0,1025,12,,
2007,WR,Kevin Curtis,4532,PHI,0,0,0,0,1110,6,,
2007,WR,Derrick Mason,1263,BAL,0,0,0,0,1087,5,yes,
2007,WR,Jerricho Cotchery,5633,NYJ,0,0,38,0,1130,2,,
2007,WR,Greg Jennings,9638,GB,0,0,0,0,920,12,yes,
2007,WR,Steve Smith Sr.,2622,CAR,0,0,66,0,1002,7,,
2008,QB,Philip Rivers,5529,LAC,4009,34,84,0,0,0,yes,
2008,QB,Aaron Rodgers,8439,GB,4038,28,207,4,0,0,yes,
2008,QB,Donovan McNabb,1753,PHI,3916,23,147,2,0,0,yes,
2008,QB,Matt Cassel,8644,NE,3693,21,270,2,0,0,yes,
2008,QB,Chad Pennington,2149,MIA,3653,19,62,1,0,0,,
2008,QB,Tony Romo,5209,DAL,3448,26,41,0,0,0,yes,
2008,QB,David Garrard,3636,JAX,3620,15,322,2,-6,0,yes,
2008,QB,Matt Ryan,11237,ATL,3440,16,104,1,0,0,yes,
2008,QB,Ben Roethlisberger,5536,PIT,3301,17,101,2,-7,0,yes,
2008,RB,DeAngelo Williams,9613,CAR,0,0,1515,18,121,2,yes,
2008,RB,Matt Forte,11278,CHI,0,0,1238,8,477,4,yes,
2008,RB,Steve Slaton,11323,HOU,0,0,1282,9,377,1,,
2008,RB,LaDainian Tomlinson,2553,LAC,0,0,1110,11,426,1,yes,
2008,RB,Maurice Jones-Drew,9646,JAX,0,0,824,12,565,2,yes,
2008,RB,Brian Westbrook,3619,PHI,0,0,936,9,402,5,yes,
2008,RB,Steven Jackson,5549,LAR,0,0,1042,7,379,1,yes,
2008,RB,Frank Gore,8479,SF,0,0,1036,6,373,2,yes,
2008,TE,Dallas Clark,4482,IND,0,0,0,0,848,6,yes,
2008,TE,Zach Miller,10482,LV,0,0,0,0,778,1,yes,
2008,WR,Calvin Johnson,10447,DET,0,0,-1,0,1331,12,yes,
2008,WR,Steve Smith Sr.,2622,CAR,0,0,40,0,1421,6,,
2008,WR,Greg Jennings,9638,GB,0,0,0,0,1292,9,yes,
2008,WR,Antonio Bryant,3591,TB,0,0,22,0,1248,7,,
2008,WR,Terrell Owens,1056,DAL,0,0,33,0,1052,10,yes,
2008,WR,Vincent Jackson,8475,LAC,0,0,69,0,1098,7,yes,
2008,WR,Randy Moss,1433,NE,0,0,0,0,1008,11,yes,
2008,WR,Hines Ward,1494,PIT,0,0,4,0,1043,7,yes,
2008,WR,Santana Moss,2564,WSH,0,0,27,0,1044,6,yes,
2008,WR,Dwayne Bowe,10467,KC,0,0,0,0,1022,7,yes,
2008,WR,Derrick Mason,1263,BAL,0,0,3,0,1037,5,yes,
2009,QB,Ben Roethlisberger,5536,PIT,4328,26,82,2,0,0,yes,
2009,QB,Eli Manning,5526,NYG,4021,27,65,0,0,0,yes,
2009,QB,Kurt Warner,1682,ARI,3753,26,10,0,0,0,yes,
2009,QB,Kyle Orton,8520,DEN,3802,21,71,0,0,0,,
2009,QB,Jay Cutler,9597,CHI,3666,27,173,1,0,0,yes,
2009,QB,Joe Flacco,11252,BAL,3613,21,56,0,0,0,yes,
2009,QB,Jason Campbell,8440,WSH,3618,20,236,1,0,0,,
2009,QB,Carson Palmer,4459,CIN,3094,21,93,3,0,0,yes,
2009,RB,Thomas Jones,2138,NYJ,0,0,1402,14,58,0,yes,
2009,RB,Ryan Grant,9475,GB,0,0,1253,11,197,0,,
2009,RB,Ricky Williams,1756,MIA,0,0,1121,11,264,2,yes,
2009,RB,Jamaal Charles,11307,KC,0,0,1120,7,297,1,yes,
2009,RB,Rashard Mendenhall,11257,PIT,0,0,1108,7,261,1,,
2009,RB,Fred Jackson,10195,BUF,27,1,1062,2,371,2,,
2009,RB,Jonathan Stewart,11247,CAR,0,0,1133,10,139,1,yes,
2009,RB,Cedric Benson,8419,CIN,0,0,1251,6,111,0,,
2009,TE,Brent Celek,10605,PHI,0,0,0,0,971,8,,
2009,TE,Tony Gonzalez,1231,ATL,0,0,0,0,867,6,yes,
2009,TE,Kellen Winslow,5531,TB,0,0,7,0,884,5,yes,
2009,WR,Randy Moss,1433,NE,0,0,0,0,1264,13,yes,
2009,WR,Santonio Holmes,9611,PIT,0,0,6,0,1248,5,,
2009,WR,Hines Ward,1494,PIT,0,0,0,0,1167,6,yes,
2009,WR,Marques Colston,9838,NO,0,0,6,0,1074,9,,
2009,WR,Greg Jennings,9638,GB,0,0,0,0,1113,4,yes,
2009,WR,Donald Driver,1966,GB,0,0,13,0,1061,6,yes,
2009,WR,Derrick Mason,1263,BAL,0,0,2,0,1028,7,yes,
2009,WR,Steve Smith Sr.,2622,CAR,0,0,22,0,982,7,,
2009,WR,Anquan Boldin,4512,ARI,0,0,12,1,1024,4,yes,
2009,WR,Calvin Johnson,10447,DET,0,0,73,0,984,5,yes,
2009,WR,Mike Sims-Walker,10523,JAX,0,0,0,0,869,7,,
2010,QB,Matt Schaub,5615,HOU,4370,24,28,0,0,0,yes,
2010,QB,Eli Manning,5526,NYG,4002,31,70,0,0,0,yes,
2010,QB,Carson Palmer,4459,CIN,3970,26,50,0,0,0,yes,
2010,QB,Aaron Rodgers,8439,GB,3922,28,356,4,0,0,yes,
2010,QB,Joe Flacco,11252,BAL,3622,25,84,1,0,0,yes,
2010,QB,Kyle Orton,8520,DEN,3653,20,98,0,0,0,,
2010,QB,Josh Freeman,12473,TB,3451,25,364,0,0,0,,
2010,QB,Sam Bradford,13197,LAR,3512,18,63,1,0,0,,
2010,RB,Peyton Hillis,11461,CLE,13,0,1177,11,477,2,,
2010,RB,Ray Rice,11289,BAL,0,0,1220,5,556,1,yes,
2010,RB,Darren McFadden,11238,LV,0,0,1157,7,507,3,,
2010,RB,LeSean McCoy,12514,PHI,0,0,1080,7,592,2,yes,
2010,RB,Matt Forte,11278,CHI,0,0,1069,6,547,3,yes,
2010,RB,Ahmad Bradshaw,10693,NYG,0,0,1235,8,314,0,,
2010,RB,Rashard Mendenhall,11257,PIT,0,0,1273,13,167,0,,
2010,RB,Cedric Benson,8419,CIN,0,0,1111,7,178,1,,
2010,TE,Vernon Davis,9592,SF,0,0,0,0,914,7,yes,
2010,TE,Chris Cooley,5606,WSH,0,0,0,0,849,3,yes,
2010,TE,Kellen Winslow,5531,TB,0,0,0,0,730,5,yes,
2010,WR,Mike Wallace,12601,PIT,0,0,39,0,1257,10,yes,
2010,WR,Stevie Johnson,11458,BUF,0,0,0,0,1073,10,,
2010,WR,Hakeem Nicks,12586,NYG,0,0,0,0,1052,11,,
2010,WR,Santana Moss,2564,WSH,0,0,-6,0,1115,6,yes,
2010,WR,Mike Williams,13489,TB,0,0,0,0,964,11,,
2010,WR,Jeremy Maclin,12579,PHI,0,0,36,0,964,10,yes,
2010,WR,Marques Colston,9838,NO,0,0,1,0,1023,7,,
2010,WR,Terrell Owens,1056,CIN,0,0,0,0,983,9,yes,
2010,WR,Mario Manningham,11329,NYG,0,0,2,0,944,9,,
2010,WR,Brandon Marshall,9705,MIA,0,0,3,0,1014,3,yes,
2010,WR,Johnny Knox,12678,CHI,0,0,2,0,960,5,,
2011,QB,Matthew Stafford,12483,DET,5038,41,78,0,0,0,yes,
2011,QB,Tony Romo,5209,DAL,4184,31,46,1,0,0,yes,
2011,QB,Matt Ryan,11237,ATL,4177,29,84,2,0,0,yes,
2011,QB,Ryan Fitzpatrick,8664,BUF,3832,24,215,0,0,0,,
2011,QB,Joe Flacco,11252,BAL,3610,20,88,1,-8,0,yes,
2011,QB,Mark Sanchez,12482,NYJ,3474,26,103,6,0,0,,
2011,QB,Matt Hasselbeck,1575,TEN,3571,18,52,0,0,0,yes,
2011,QB,Josh Freeman,12473,TB,3592,16,238,4,0,0,,
2011,RB,Michael Turner,5679,ATL,0,0,1340,11,168,0,yes,
2011,RB,Steven Jackson,5549,LAR,0,0,1145,5,333,1,yes,
2011,RB,Michael Bush,10544,LV,0,0,977,7,418,1,,
2011,RB,Chris Johnson,11258,TEN,0,0,1047,4,418,0,yes,
2011,RB,Reggie Bush,9588,MIA,0,0,1086,6,296,1,,
2011,RB,Fred Jackson,10195,BUF,0,0,934,6,442,0,,
2011,RB,Shonn Greene,12500,NYJ,0,0,1054,6,211,0,,
2011,RB,Adrian Peterson,10452,MIN,0,0,970,12,139,1,yes,
2011,TE,Aaron Hernandez,13230,NE,0,0,45,0,910,7,,
2011,TE,Jason Witten,4527,DAL,0,0,0,0,942,5,yes,
2011,TE,Dustin Keller,11264,NYJ,0,0,0,0,815,5,,
2011,WR,Victor Cruz,13553,NYG,0,0,3,0,1536,9,yes,
2011,WR,Jordy Nelson,11270,GB,0,0,0,0,1263,15,yes,
2011,WR,Steve Smith Sr.,2622,CAR,0,0,56,0,1394,7,,
2011,WR,Hakeem Nicks,12586,NYG,0,0,0,0,1192,7,,
2011,WR,Marques Colston,9838,NO,0,0,0,0,1143,8,,
2011,WR,Dwayne Bowe,10467,KC,0,0,12,0,1159,5,yes,
2011,WR,Nate Washington,9307,TEN,0,0,5,1,1023,7,,
2011,WR,Antonio Brown,13934,PIT,0,0,41,0,1108,2,yes,
2011,WR,Stevie Johnson,11458,BUF,0,0,0,0,1004,7,,
2011,WR,Julio Jones,13982,ATL,0,0,56,0,959,8,yes,
2011,WR,Dez Bryant,13215,DAL,0,0,5,0,928,9,yes,
2012,QB,Tony Romo,5209,DAL,4903,28,49,1,-1,0,yes,
2012,QB,Matthew Stafford,12483,DET,4967,20,126,4,3,0,yes,
2012,QB,Aaron Rodgers,8439,GB,4295,39,259,2,-1,0,yes,
2012,QB,Josh Freeman,12473,TB,4065,27,139,0,0,0,,
2012,QB,Carson Palmer,4459,LV,4018,22,36,1,0,0,yes,
2012,QB,Joe Flacco,11252,BAL,3817,22,22,3,0,0,yes,
2012,QB,Cam Newton,13994,CAR,3869,19,741,8,0,0,yes,
2012,QB,Andy Dalton,14012,CIN,3669,27,120,4,0,0,yes,
2012,RB,Alfred Morris,15009,WSH,0,0,1613,13,77,0,,
2012,RB,Chris Johnson,11258,TEN,0,0,1243,6,232,0,yes,
2012,RB,Trent Richardson,14884,CLE,0,0,950,11,367,1,,
2012,RB,Stevan Ridley,14028,NE,0,0,1263,12,51,0,,
2012,RB,Matt Forte,11278,CHI,0,0,1094,5,340,1,yes,
2012,RB,Steven Jackson,5549,LAR,0,0,1045,4,321,0,yes,
2012,RB,Reggie Bush,9588,MIA,0,0,986,6,292,2,,
2012,RB,Ahmad Bradshaw,10693,NYG,0,0,1015,6,245,0,,
2012,TE,Jimmy Graham,13232,NO,0,0,0,0,982,9,yes,
2012,TE,Greg Olsen,10475,CAR,0,0,0,0,843,5,yes,
2012,TE,Brandon Myers,12705,LV,0,0,0,0,806,4,,
2012,WR,Dez Bryant,13215,DAL,0,0,-5,0,1382,12,yes,
2012,WR,Roddy White,8442,ATL,0,0,0,0,1351,7,yes,
2012,WR,Marques Colston,9838,NO,0,0,0,0,1154,10,,
2012,WR,Eric Decker,13271,DEN,0,0,0,0,1064,13,,
2012,WR,Michael Crabtree,12563,SF,0,0,8,0,1105,9,,
2012,WR,Steve Smith Sr.,2622,CAR,0,0,27,0,1174,4,,
2012,WR,Mike Williams,13489,TB,28,0,0,0,996,9,,
2012,WR,Stevie Johnson,11458,BUF,0,0,0,0,1046,6,,
2012,WR,Lance Moore,9400,NO,0,0,0,0,1041,6,,
2012,WR,Cecil Shorts III,14184,JAX,0,0,-4,0,979,7,,
2012,WR,Randall Cobb,14053,GB,0,0,132,0,954,8,,
2013,QB,Matthew Stafford,12483,DET,4650,29,69,2,0,0,yes,
2013,QB,Matt Ryan,11237,ATL,4515,26,55,0,0,0,yes,
2013,QB,Andy Dalton,14012,CIN,4293,33,183,2,0,0,yes,
2013,QB,Ben Roethlisberger,5536,PIT,4261,28,99,1,0,0,yes,
2013,QB,Carson Palmer,4459,ARI,4274,24,3,0,0,0,yes,
2013,QB,Tony Romo,5209,DAL,3828,31,38,0,0,0,yes,
2013,QB,Ryan Tannehill,14876,MIA,3913,24,238,1,0,0,yes,
2013,QB,Joe Flacco,11252,BAL,3912,19,131,1,0,0,yes,
2013,RB,Knowshon Moreno,12516,DEN,0,0,1038,10,548,3,,
2013,RB,Reggie Bush,9588,DET,0,0,1006,4,506,3,,
2013,RB,Chris Johnson,11258,TEN,0,0,1077,6,345,4,yes,
2013,RB,Ryan Mathews,13204,LAC,0,0,1255,6,189,1,yes,
2013,RB,Alfred Morris,15009,WSH,0,0,1275,7,78,0,,
2013,RB,Fred Jackson,10195,BUF,0,0,890,9,387,1,,
2013,RB,Le'Veon Bell,15825,PIT,0,0,860,8,399,0,yes,
2013,RB,Giovani Bernard,15826,CIN,0,0,695,5,514,3,,
2013,TE,Tony Gonzalez,1231,ATL,0,0,0,0,859,8,yes,
2013,TE,Antonio Gates,5362,LAC,0,0,0,0,872,4,yes,
2013,TE,Greg Olsen,10475,CAR,0,0,0,0,816,6,yes,
2013,WR,Antonio Brown,13934,PIT,15,0,4,0,1499,8,yes,
2013,WR,Eric Decker,13271,DEN,0,0,0,0,1288,11,,
2013,WR,Jordy Nelson,11270,GB,0,0,0,0,1314,8,yes,
2013,WR,Pierre Garcon,11439,WSH,0,0,19,0,1346,5,,
2013,WR,Vincent Jackson,8475,TB,0,0,0,0,1224,7,yes,
2013,WR,Anquan Boldin,4512,SF,0,0,11,0,1179,7,yes,
2013,WR,Torrey Smith,14032,BAL,0,0,0,0,1128,4,,
2013,WR,Keenan Allen,15818,LAC,0,0,0,0,1046,8,yes,
2013,WR,T.Y. Hilton,14924,IND,0,0,6,0,1083,5,yes,
2013,WR,Julian Edelman,12649,NE,0,0,11,0,1056,6,,
2013,WR,Michael Floyd,14908,ARI,0,0,0,0,1041,5,,
2014,QB,Matt Ryan,11237,ATL,4694,28,145,0,0,0,yes,
2014,QB,Eli Manning,5526,NYG,4410,30,31,1,0,0,yes,
2014,QB,Philip Rivers,5529,LAC,4286,31,102,0,0,0,yes,
2014,QB,Ryan Tannehill,14876,MIA,4045,27,311,1,-4,0,yes,
2014,QB,Jay Cutler,9597,CHI,3812,28,191,2,0,0,yes,
2014,QB,Colin Kaepernick,14001,SF,3369,19,639,1,0,0,,
2014,QB,Derek Carr,16757,LV,3270,21,92,0,0,0,yes,
2014,QB,Alex Smith,8416,KC,3265,18,254,1,0,0,yes,
2014,RB,Matt Forte,11278,CHI,0,0,1038,6,808,4,yes,
2014,RB,Eddie Lacy,15848,GB,0,0,1139,9,427,4,yes,
2014,RB,Lamar Miller,14886,MIA,0,0,1099,8,275,1,yes,
2014,RB,Jeremy Hill,16803,CIN,0,0,1124,9,215,0,,
2014,RB,Alfred Morris,15009,WSH,0,0,1074,8,155,0,,
2014,RB,Joique Bell,13536,DET,0,0,860,7,322,1,,
2014,RB,Frank Gore,8479,SF,0,0,1106,4,111,1,yes,
2014,RB,Giovani Bernard,15826,CIN,0,0,680,5,349,2,,
2014,TE,Greg Olsen,10475,CAR,0,0,0,0,1008,6,yes,
2014,TE,Antonio Gates,5362,LAC,0,0,0,0,821,12,yes,
2014,TE,Jordan Matthews,16763,PHI,0,0,0,0,872,8,,
2014,WR,Antonio Brown,13934,PIT,20,1,13,0,1698,13,yes,
2014,WR,Randall Cobb,14053,GB,0,0,37,0,1287,12,,
2014,WR,Alshon Jeffery,14912,CHI,0,0,33,0,1133,10,yes,
2014,WR,DeAndre Hopkins,15795,HOU,0,0,0,0,1210,6,yes,
2014,WR,Mike Evans,16737,TB,0,0,0,0,1051,12,yes,
2014,WR,DeSean Jackson,11283,WSH,0,0,7,0,1169,6,yes,
2014,WR,Kelvin Benjamin,16730,CAR,0,0,0,0,1008,9,,
2014,WR,Steve Smith Sr.,2622,BAL,0,0,0,0,1065,6,,
2014,WR,Anquan Boldin,4512,SF,0,0,4,0,1062,5,yes,
2014,WR,Sammy Watkins,16725,BUF,0,0,8,0,982,6,,
2014,WR,Brandon LaFell,12576,NE,0,0,13,0,953,7,,
2015,QB,Drew Brees,2580,NO,4870,32,14,1,0,0,yes,
2015,QB,Philip Rivers,5529,LAC,4792,29,28,0,0,0,yes,
2015,QB,Blake Bortles,16724,JAX,4428,35,310,2,0,0,,
2015,QB,Matt Ryan,11237,ATL,4591,21,63,0,0,0,yes,
2015,QB,Matthew Stafford,12483,DET,4262,32,159,1,-6,0,yes,
2015,QB,Kirk Cousins,14880,WSH,4166,29,48,5,0,0,yes,
2015,QB,Ryan Tannehill,14876,MIA,4208,24,141,1,9,0,yes,
2015,QB,Derek Carr,16757,LV,3987,32,138,0,0,0,yes,
2015,RB,Doug Martin,14885,TB,0,0,1402,6,271,1,yes,
2015,RB,DeAngelo Williams,9613,PIT,0,0,907,11,367,0,yes,
2015,RB,Darren McFadden,11238,DAL,0,0,1089,3,328,0,,
2015,RB,Lamar Miller,14886,MIA,0,0,872,8,397,2,yes,
2015,RB,Matt Forte,11278,CHI,0,0,898,4,389,3,yes,
2015,RB,Frank Gore,8479,IND,0,0,967,6,267,1,yes,
2015,RB,Mark Ingram II,13981,NO,0,0,769,6,405,0,yes,
2015,RB,Danny Woodhead,11788,LAC,0,0,336,3,755,6,,
2015,TE,Greg Olsen,10475,CAR,0,0,0,0,1104,7,yes,
2015,TE,Jordan Reed,15860,WSH,0,0,0,0,952,11,yes,
2015,TE,Jordan Matthews,16763,PHI,0,0,0,0,997,8,,
2015,WR,Demaryius Thomas,13216,DEN,0,0,0,0,1304,6,yes,
2015,WR,Doug Baldwin,14221,SEA,0,0,0,0,1069,14,yes,
2015,WR,Brandin Cooks,16731,NO,0,0,18,0,1138,9,,
2015,WR,Eric Decker,13271,NYJ,0,0,0,0,1027,12,,
2015,WR,Mike Evans,16737,TB,0,0,0,0,1206,3,yes,
2015,WR,Emmanuel Sanders,13295,DEN,0,0,29,0,1135,6,yes,
2015,WR,Jeremy Maclin,12579,KC,0,0,14,0,1088,8,yes,
2015,WR,Allen Hurns,17177,JAX,0,0,0,0,1031,10,,
2015,WR,Sammy Watkins,16725,BUF,0,0,1,0,1047,9,,
2015,WR,John Brown,16804,ARI,0,0,22,0,1003,7,,
2015,WR,Michael Crabtree,12563,LV,0,0,0,0,922,9,,
2016,QB,Andrew Luck,14874,IND,4240,31,341,2,0,0,yes,
2016,QB,Matthew Stafford,12483,DET,4327,24,207,2,0,0,yes,
2016,QB,Carson Palmer,4459,ARI,4233,26,38,0,0,0,yes,
2016,QB,Joe Flacco,11252,BAL,4317,20,58,2,0,0,yes,
2016,QB,Jameis Winston,2969939,TB,4090,28,165,1,0,0,yes,
2016,QB,Russell Wilson,14881,SEA,4219,21,259,1,14,1,yes,
2016,QB,Eli Manning,5526,NYG,4027,26,-9,0,0,0,yes,
2016,QB,Blake Bortles,16724,JAX,3905,23,359,3,20,1,,
2016,QB,Sam Bradford,13197,MIN,3877,20,53,0,5,0,,
2016,RB,Mark Ingram II,13981,NO,0,0,1043,6,319,4,yes,
2016,RB,LeGarrette Blount,13213,NE,0,0,1161,18,38,0,,
2016,RB,Spencer Ware,16020,KC,0,0,921,3,447,2,,
2016,RB,Frank Gore,8479,IND,0,0,1025,4,277,4,yes,
2016,RB,Isaiah Crowell,17133,CLE,0,0,952,7,319,0,,
2016,RB,Lamar Miller,14886,HOU,0,0,1073,5,188,1,yes,
2016,RB,Todd Gurley,2977644,LAR,0,0,885,6,327,0,yes,
2016,RB,Carlos Hyde,16777,SF,0,0,988,6,163,3,,
2016,TE,Kyle Rudolph,14054,MIN,0,0,0,0,840,7,yes,
2016,TE,Jordan Matthews,16763,PHI,0,0,0,0,804,3,,
2016,WR,Jordy Nelson,11270,GB,0,0,0,0,1257,14,yes,
2016,WR,Brandin Cooks,16731,NO,0,0,30,0,1173,8,,
2016,WR,Michael Thomas,2976316,NO,0,0,0,0,1137,9,yes,
2016,WR,Davante Adams,16800,GB,0,0,0,0,997,12,yes,
2016,WR,Tyrell Williams,2587819,LAC,0,0,0,0,1059,7,,
2016,WR,Julian Edelman,12649,NE,0,0,57,0,1106,3,,
2016,WR,Michael Crabtree,12563,LV,0,0,0,0,1003,8,,
2016,WR,Golden Tate,13217,DET,0,0,4,0,1077,4,yes,
2016,WR,Rishard Matthews,15102,TEN,0,0,0,0,945,9,,
2016,WR,Kenny Britt,12556,LAR,0,0,0,0,1002,5,,
2016,WR,Pierre Garcon,11439,WSH,0,0,0,0,1041,3,,
2017,QB,Matthew Stafford,12483,DET,4446,29,98,0,0,0,yes,
2017,QB,Kirk Cousins,14880,WSH,4093,27,179,4,0,0,yes,
2017,QB,Matt Ryan,11237,ATL,4095,20,143,0,0,0,yes,
2017,QB,Blake Bortles,16724,JAX,3687,21,322,2,0,0,,
2017,QB,Case Keenum,15168,MIN,3547,22,160,1,0,0,,
2017,QB,Jameis Winston,2969939,TB,3504,19,135,1,0,0,yes,
2017,QB,Eli Manning,5526,NYG,3468,19,26,1,0,0,yes,
2017,QB,Andy Dalton,14012,CIN,3320,25,99,0,0,0,yes,
2017,RB,Melvin Gordon III,2576434,LAC,0,0,1105,8,476,4,yes,
2017,RB,Leonard Fournette,3115364,JAX,0,0,1040,9,302,1,,
2017,RB,Carlos Hyde,16777,SF,0,0,940,8,350,0,,
2017,RB,Ezekiel Elliott,3051392,DAL,0,0,983,7,269,2,yes,
2017,RB,Jordan Howard,3060022,CHI,0,0,1122,9,125,0,yes,
2017,RB,Devonta Freeman,16944,ATL,0,0,865,7,317,1,yes,
2017,RB,Lamar Miller,14886,HOU,0,0,888,3,327,3,yes,
2017,RB,C.J. Anderson,16040,DEN,0,0,1007,3,224,1,yes,
2017,TE,Devin Funchess,2977609,CAR,0,0,0,0,840,8,,
2017,TE,Evan Engram,3051876,NYG,0,0,14,0,722,6,yes,
2017,TE,Jared Cook,12537,LV,0,0,0,0,688,2,yes,
2017,WR,Tyreek Hill,3116406,KC,0,0,59,0,1183,7,yes,
2017,WR,Marvin Jones Jr.,15072,DET,0,0,0,0,1101,9,,
2017,WR,Brandin Cooks,16731,NE,0,0,40,0,1082,7,,
2017,WR,Golden Tate,13217,DET,0,0,22,0,1003,5,yes,
2017,WR,Mike Evans,16737,TB,0,0,0,0,1001,5,yes,
2017,WR,Robbie Chosen,2574808,NYJ,0,0,9,0,941,7,,
2017,WR,JuJu Smith-Schuster,3120348,PIT,0,0,0,0,917,7,yes,
2017,WR,Demaryius Thomas,13216,DEN,0,0,0,0,949,5,yes,
2017,WR,Stefon Diggs,2976212,MIN,0,0,13,0,849,8,yes,
2017,WR,Marquise Goodwin,15839,SF,0,0,44,0,962,2,,
2017,WR,Cooper Kupp,2977187,LAR,0,0,0,0,869,5,yes,
2018,QB,Ben Roethlisberger,5536,PIT,5129,34,98,3,-1,0,yes,
2018,QB,Matt Ryan,11237,ATL,4924,35,125,3,5,1,yes,
2018,QB,Kirk Cousins,14880,MIN,4298,30,123,1,-1,0,yes,
2018,QB,Eli Manning,5526,NYG,4299,21,20,1,0,0,yes,
2018,QB,Derek Carr,16757,LV,4049,19,47,1,-9,0,yes,
2018,QB,Baker Mayfield,3052587,CLE,3725,27,131,0,0,0,yes,
2018,QB,Case Keenum,15168,DEN,3890,18,93,2,0,0,,
2018,QB,Matthew Stafford,12483,DET,3777,21,71,0,0,0,yes,
2018,QB,Cam Newton,13994,CAR,3395,24,488,4,0,0,yes,
2018,QB,Carson Wentz,2573079,PHI,3074,21,93,0,4,0,yes,
2018,QB,Jameis Winston,2969939,TB,2992,19,281,1,0,0,yes,
2018,RB,Christian McCaffrey,3117251,CAR,50,1,1098,7,867,6,yes,
2018,RB,Joe Mixon,3116385,CIN,0,0,1168,8,296,1,yes,
2018,RB,David Johnson,2508176,ARI,0,0,940,7,446,3,yes,
2018,RB,Chris Carson,3919596,SEA,0,0,1151,9,163,0,,
2018,RB,Kareem Hunt,3059915,KC,0,0,824,7,378,7,yes,
2018,RB,Adrian Peterson,10452,WSH,0,0,1042,7,208,1,yes,
2018,RB,Derrick Henry,3043078,TEN,14,0,1059,12,99,0,yes,
2018,RB,Nick Chubb,3128720,CLE,0,0,996,8,149,2,yes,
2018,WR,T.Y. Hilton,14924,IND,0,0,0,0,1270,6,yes,
2018,WR,Robert Woods,15880,LAR,0,0,157,1,1219,6,,
2018,WR,Brandin Cooks,16731,LAR,0,0,68,1,1204,5,,
2018,WR,Stefon Diggs,2976212,MIN,0,0,62,0,1021,9,yes,
2018,WR,Odell Beckham Jr.,16733,NYG,106,2,19,0,1052,6,yes,
2018,WR,Tyler Boyd,3045144,CIN,0,0,3,0,1028,7,,
2018,WR,Tyler Lockett,2577327,SEA,0,0,69,0,965,10,,
2018,WR,Kenny Golladay,2974858,DET,0,0,8,0,1063,5,yes,
2018,WR,Calvin Ridley,3925357,ATL,0,0,27,0,821,10,,
2018,WR,Chris Godwin Jr.,3116165,TB,0,0,0,0,842,7,yes,
2018,WR,Corey Davis,3042778,TEN,0,0,55,0,891,4,,
2019,QB,Jameis Winston,2969939,TB,5109,33,250,1,0,0,yes,
2019,QB,Dak Prescott,2577417,DAL,4902,30,277,3,0,0,yes,
2019,QB,Jared Goff,3046779,LAR,4638,22,40,2,0,0,yes,
2019,QB,Philip Rivers,5529,LAC,4615,23,29,0,0,0,yes,
2019,QB,Matt Ryan,11237,ATL,4466,26,147,1,0,0,yes,
2019,QB,Carson Wentz,2573079,PHI,4039,27,243,1,0,0,yes,
2019,QB,Tom Brady,2330,NE,4057,24,34,3,0,0,yes,
2019,QB,Jimmy Garoppolo,16760,SF,3978,27,62,1,0,0,,
2019,QB,Derek Carr,16757,LV,4054,21,82,2,0,0,yes,
2019,RB,Aaron Jones Sr.,3042519,GB,0,0,1084,16,474,3,yes,
2019,RB,Austin Ekeler,3068267,LAC,0,0,557,3,993,8,,
2019,RB,Leonard Fournette,3115364,JAX,0,0,1152,3,522,0,,
2019,RB,Chris Carson,3919596,SEA,0,0,1230,7,266,2,,
2019,RB,Saquon Barkley,3929630,NYG,0,0,1003,6,438,2,yes,
2019,RB,Joe Mixon,3116385,CIN,0,0,1137,5,287,3,yes,
2019,RB,Josh Jacobs,4047365,LV,0,0,1150,7,166,0,yes,
2019,RB,Miles Sanders,4045163,PHI,0,0,818,3,509,3,yes,
2019,TE,Darren Waller,2576925,LV,0,0,5,0,1145,3,yes,
2019,TE,Tyler Higbee,2573401,LAR,0,0,0,0,734,3,,
2019,WR,DeVante Parker,2576623,MIA,0,0,0,0,1202,9,,
2019,WR,Cooper Kupp,2977187,LAR,0,0,4,0,1161,10,yes,
2019,WR,Allen Robinson,16799,CHI,0,0,2,0,1147,7,yes,
2019,WR,DJ Moore,3915416,CAR,0,0,40,0,1175,4,,
2019,WR,Stefon Diggs,2976212,MIN,0,0,61,0,1130,6,yes,
2019,WR,Julian Edelman,12649,NE,47,1,27,0,1117,6,,
2019,WR,Michael Gallup,4036348,DAL,0,0,0,0,1107,6,,
2019,WR,Tyler Lockett,2577327,SEA,0,0,-5,0,1057,8,,
2019,WR,A.J. Brown,4047646,TEN,0,0,60,1,1051,8,yes,
2019,WR,John Brown,16804,BUF,28,1,7,0,1060,6,,
2019,WR,Robert Woods,15880,LAR,0,0,115,1,1134,2,,
2020,QB,Tom Brady,2330,TB,4633,40,6,3,0,0,yes,
2020,QB,Matt Ryan,11237,ATL,4581,26,92,2,0,0,yes,
2020,QB,Kirk Cousins,14880,MIN,4265,35,156,1,0,0,yes,
2020,QB,Justin Herbert,4038941,LAC,4336,31,234,5,0,0,yes,
2020,QB,Philip Rivers,5529,IND,4169,24,-8,0,0,0,yes,
2020,QB,Derek Carr,16757,LV,4103,27,140,3,0,0,yes,
2020,QB,Matthew Stafford,12483,DET,4084,26,112,0,0,0,yes,
2020,QB,Ryan Tannehill,14876,TEN,3819,33,266,7,0,0,yes,
2020,QB,Ben Roethlisberger,5536,PIT,3803,33,11,0,0,0,yes,
2020,QB,Jared Goff,3046779,LAR,3952,20,99,4,0,0,yes,
2020,QB,Baker Mayfield,3052587,CLE,3563,26,165,1,6,0,yes,
2020,RB,Jonathan Taylor,4242335,IND,0,0,1169,11,299,1,yes,
2020,RB,David Montgomery,4035538,CHI,0,0,1070,8,438,2,,
2020,RB,James Robinson,4052042,JAX,0,0,1070,7,344,3,,
2020,RB,Ezekiel Elliott,3051392,DAL,0,0,979,6,338,2,yes,
2020,RB,Kareem Hunt,3059915,CLE,0,0,841,6,304,5,yes,
2020,RB,Melvin Gordon III,2576434,DEN,0,0,986,9,158,1,yes,
2020,RB,Ronald Jones,3912550,TB,0,0,978,7,165,1,,
2020,RB,Kenyan Drake,2979843,ARI,0,0,955,10,137,0,,
2020,WR,Calvin Ridley,3925357,ATL,0,0,1,0,1374,9,,
2020,WR,Allen Robinson,16799,CHI,0,0,-1,0,1250,6,yes,
2020,WR,DJ Moore,3915416,CAR,0,0,22,0,1193,4,,
2020,WR,Brandin Cooks,16731,HOU,0,0,0,0,1150,6,,
2020,WR,Mike Evans,16737,TB,0,0,0,0,1006,13,yes,
2020,WR,Tyler Lockett,2577327,SEA,0,0,0,0,1054,10,,
2020,WR,Amari Cooper,2976499,DAL,0,0,14,0,1114,5,yes,
2020,WR,Adam Thielen,16460,MIN,0,0,15,0,925,14,yes,
2020,WR,Terry McLaurin,3121422,WSH,0,0,30,0,1118,4,yes,
2020,WR,Marvin Jones Jr.,15072,DET,0,0,0,0,978,9,,
2020,WR,Robbie Chosen,2574808,CAR,0,0,15,0,1096,3,,
2021,QB,Matthew Stafford,12483,LAR,4886,41,43,0,0,0,yes,
2021,QB,Joe Burrow,3915511,CIN,4611,34,118,2,0,0,yes,
2021,QB,Derek Carr,16757,LV,4804,23,108,0,0,0,yes,
2021,QB,Dak Prescott,2577417,DAL,4449,37,146,1,0,0,yes,
2021,QB,Josh Allen,3918298,BUF,4407,36,763,6,0,0,yes,
2021,QB,Matt Ryan,11237,ATL,3968,20,82,1,0,0,yes,
2021,QB,Jimmy Garoppolo,16760,SF,3810,20,51,3,0,0,,
2021,QB,Ben Roethlisberger,5536,PIT,3740,22,5,1,0,0,yes,
2021,RB,Austin Ekeler,3068267,LAC,0,0,911,12,647,8,,
2021,RB,Antonio Gibson,4360294,WSH,0,0,1037,7,294,3,,
2021,RB,Ezekiel Elliott,3051392,DAL,4,0,1002,10,287,2,yes,
2021,RB,Leonard Fournette,3115364,TB,0,0,812,8,454,2,,
2021,RB,Josh Jacobs,4047365,LV,0,0,872,9,348,0,yes,
2021,RB,Aaron Jones Sr.,3042519,GB,0,0,799,4,391,6,yes,
2021,RB,Damien Harris,3925347,NE,0,0,929,15,132,0,,
2021,RB,Javonte Williams,4361579,DEN,0,0,903,4,316,3,,
2021,TE,Dalton Schultz,3117256,DAL,0,0,0,0,808,8,,
2021,TE,Dallas Goedert,3121023,PHI,0,0,0,0,830,4,,
2021,TE,Mike Gesicki,3116164,MIA,0,0,0,0,780,2,,
2021,WR,Tyler Lockett,2577327,SEA,0,0,9,0,1175,8,,
2021,WR,Mike Williams,3045138,LAC,0,0,0,0,1146,9,,
2021,WR,DJ Moore,3915416,CAR,0,0,48,0,1157,4,,
2021,WR,Tee Higgins,4239993,CIN,0,0,0,0,1091,6,yes,
2021,WR,DK Metcalf,4047650,SEA,0,0,6,0,967,12,yes,
2021,WR,Chris Godwin Jr.,3116165,TB,0,0,21,1,1103,5,yes,
2021,WR,Michael Pittman Jr.,4035687,IND,0,0,44,0,1082,6,,
2021,WR,Brandin Cooks,16731,HOU,0,0,21,0,1037,6,,
2021,WR,Terry McLaurin,3121422,WSH,0,0,12,0,1053,5,yes,
2021,WR,Darnell Mooney,4040655,CHI,0,0,32,1,1055,4,,
2021,WR,Jaylen Waddle,4372016,MIA,0,0,3,1,1015,6,,
2022,QB,Justin Herbert,4038941,LAC,4739,25,147,0,-10,0,yes,
2022,QB,Tom Brady,2330,TB,4694,25,-1,1,0,0,yes,
2022,QB,Aaron Rodgers,8439,GB,3695,26,94,1,0,0,yes,
2022,QB,Tua Tagovailoa,4241479,MIA,3548,25,70,0,0,0,yes,
2022,QB,Russell Wilson,14881,DEN,3524,16,277,3,1,0,yes,
2022,QB,Daniel Jones,3917792,NYG,3205,15,708,7,0,0,,
2022,QB,Davis Mills,4242546,HOU,3118,17,108,2,0,0,,
2022,QB,Matt Ryan,11237,IND,3057,14,70,1,0,0,yes,
2022,QB,Dak Prescott,2577417,DAL,2860,23,182,1,0,0,yes,
2022,RB,Austin Ekeler,3068267,LAC,0,0,915,13,722,5,,
2022,RB,Aaron Jones Sr.,3042519,GB,0,0,1121,2,395,5,yes,
2022,RB,Rhamondre Stevenson,4569173,NE,0,0,1040,5,421,1,,
2022,RB,Travis Etienne Jr.,4239996,JAX,0,0,1125,5,316,0,,
2022,RB,Jamaal Williams,2980453,DET,0,0,1066,17,73,0,,
2022,RB,Alvin Kamara,3054850,NO,0,0,897,2,490,2,yes,
2022,RB,Najee Harris,4241457,PIT,4,0,1034,7,229,3,yes,
2022,RB,Joe Mixon,3116385,CIN,0,0,814,7,441,2,yes,
2022,TE,Evan Engram,3051876,JAX,0,0,13,0,766,4,yes,
2022,TE,Pat Freiermuth,4361411,PIT,0,0,0,0,732,2,,
2022,WR,Jaylen Waddle,4372016,MIA,0,0,26,0,1356,8,,
2022,WR,Amari Cooper,2976499,CLE,0,0,0,0,1160,9,yes,
2022,WR,DeVonta Smith,4241478,PHI,0,0,0,0,1196,7,,
2022,WR,Christian Kirk,3895856,JAX,0,0,11,0,1108,8,,
2022,WR,Mike Evans,16737,TB,0,0,0,0,1124,6,yes,
2022,WR,Tyler Lockett,2577327,SEA,0,0,0,0,1033,9,,
2022,WR,Garrett Wilson,4569618,NYJ,0,0,4,0,1103,4,,
2022,WR,Brandon Aiyuk,4360438,SF,0,0,23,0,1015,8,,
2022,WR,Tee Higgins,4239993,CIN,0,0,0,0,1029,7,yes,
2022,WR,DK Metcalf,4047650,SEA,0,0,0,0,1048,6,yes,
2022,WR,Chris Olave,4361370,NO,0,0,0,0,1042,4,,
2023,QB,Jared Goff,3046779,DET,4575,30,21,2,0,0,yes,
2023,QB,Josh Allen,3918298,BUF,4306,29,524,15,0,0,yes,
2023,QB,Jordan Love,4036378,GB,4159,32,247,4,0,0,,
2023,QB,Trevor Lawrence,4360310,JAX,4016,21,339,4,0,0,yes,
2023,QB,Derek Carr,16757,NO,3878,25,40,0,0,0,yes,
2023,QB,Sam Howell,4426875,WSH,3946,21,263,5,4,0,,
2023,QB,Russell Wilson,14881,DEN,3070,26,341,3,0,0,yes,
2023,QB,Justin Herbert,4038941,LAC,3134,20,228,3,10,0,yes,
2023,RB,Breece Hall,4427366,NYJ,0,0,994,5,591,4,,
2023,RB,Travis Etienne Jr.,4239996,JAX,0,0,1008,11,476,1,,
2023,RB,Rachaad White,4697815,TB,0,0,990,6,549,3,,
2023,RB,Joe Mixon,3116385,CIN,0,0,1034,9,376,3,yes,
2023,RB,Bijan Robinson,4430807,ATL,0,0,976,4,487,4,yes,
2023,RB,Saquon Barkley,3929630,NYG,0,0,962,6,280,4,yes,
2023,RB,Tony Pollard,3916148,DAL,0,0,1005,6,311,0,yes,
2023,RB,David Montgomery,4035538,DET,0,0,1015,13,117,0,,
2023,TE,T.J. Hockenson,4036133,MIN,0,0,0,0,960,5,yes,
2023,TE,Trey McBride,4361307,ARI,0,0,0,0,825,3,yes,
2023,TE,Cole Kmet,4258595,CHI,0,0,2,0,719,6,,
2023,WR,DJ Moore,3915416,CHI,0,0,21,1,1364,8,,
2023,WR,Brandon Aiyuk,4360438,SF,0,0,0,0,1342,7,,
2023,WR,Nico Collins,4258173,HOU,0,0,7,0,1297,8,yes,
2023,WR,Davante Adams,16800,LV,0,0,0,0,1144,8,yes,
2023,WR,George Pickens,4426354,PIT,0,0,18,0,1140,5,yes,
2023,WR,Michael Pittman Jr.,4035687,IND,0,0,0,0,1152,4,,
2023,WR,Chris Olave,4361370,NO,0,0,0,0,1123,5,,
2023,WR,DeVonta Smith,4241478,PHI,0,0,0,0,1066,7,,
2023,WR,DeAndre Hopkins,15795,TEN,0,0,9,0,1057,7,yes,
2023,WR,Calvin Ridley,3925357,JAX,0,0,23,0,1016,8,,
2023,WR,Justin Jefferson,4262921,MIN,0,0,-12,0,1074,5,yes,
2024,QB,Geno Smith,15864,SEA,4320,21,272,2,0,0,yes,
2024,QB,Aaron Rodgers,8439,NYJ,3897,28,107,0,0,0,yes,
2024,QB,Patrick Mahomes,3139477,KC,3928,26,307,2,2,0,yes,
2024,QB,Bo Nix,4426338,DEN,3775,29,430,4,2,1,,
2024,QB,Justin Herbert,4038941,LAC,3870,23,306,2,0,0,yes,
2024,QB,Kyler Murray,3917315,ARI,3851,21,572,5,0,0,yes,
2024,QB,Brock Purdy,4361741,SF,3864,20,323,5,0,0,yes,
2024,QB,Matthew Stafford,12483,LAR,3762,20,41,0,0,0,yes,
2024,QB,C.J. Stroud,4432577,HOU,3727,20,233,0,0,0,yes,
2024,RB,Kyren Williams,4430737,LAR,0,0,1299,14,182,2,yes,
2024,RB,De'Von Achane,4429160,MIA,0,0,907,6,592,6,yes,
2024,RB,James Conner,3045147,ARI,0,0,1094,8,414,1,yes,
2024,RB,Aaron Jones Sr.,3042519,MIN,0,0,1138,5,408,2,yes,
2024,RB,Bucky Irving,4596448,TB,0,0,1122,8,392,0,,
2024,RB,Alvin Kamara,3054850,NO,0,0,950,6,543,2,yes,
2024,RB,Chuba Hubbard,4241416,CAR,0,0,1195,10,171,1,,
2024,RB,Chase Brown,4362238,CIN,0,0,990,7,360,4,,
2024,TE,Sam LaPorta,4430027,DET,0,0,0,0,726,7,yes,
2024,TE,Tucker Kraft,4572680,GB,0,0,6,0,707,7,,
2024,WR,Drake London,4426502,ATL,0,0,-3,0,1271,9,,
2024,WR,Ladd McConkey,4612826,LAC,0,0,0,0,1149,7,,
2024,WR,Garrett Wilson,4569618,NYJ,0,0,5,0,1104,7,,
2024,WR,Courtland Sutton,3128429,DEN,30,1,0,0,1081,8,yes,
2024,WR,Davante Adams,16800,NYJ,0,0,0,0,1063,8,yes,
2024,WR,A.J. Brown,4047646,PHI,0,0,0,0,1079,7,yes,
2024,WR,Jameson Williams,4426388,DET,0,0,61,1,1001,7,,
2024,WR,Tee Higgins,4239993,CIN,0,0,0,0,911,10,yes,
2024,WR,Jakobi Meyers,3916433,LV,0,0,23,0,1027,4,,
2024,WR,Calvin Ridley,3925357,TEN,0,0,55,1,1017,4,,
2024,WR,Jauan Jennings,3886598,SF,0,0,0,0,975,6,,
2025,QB,Trevor Lawrence,4360310,JAX,4007,29,359,9,0,0,yes,
2025,QB,Caleb Williams,4431611,CHI,3942,27,388,3,22,1,,
2025,QB,Bo Nix,4426338,DEN,3931,25,356,5,0,0,,
2025,QB,Baker Mayfield,3052587,TB,3693,26,382,1,0,0,yes,
2025,QB,Patrick Mahomes,3139477,KC,3587,22,422,5,-10,0,yes,
2025,QB,Jordan Love,4036378,GB,3381,23,199,0,0,0,,
2025,QB,Jacoby Brissett,2578570,ARI,3366,23,168,1,0,0,,
2025,QB,Aaron Rodgers,8439,PIT,3322,24,61,1,-9,0,yes,
2025,RB,Derrick Henry,3043078,BAL,0,0,1595,16,150,0,yes,
2025,RB,Kyren Williams,4430737,LAR,0,0,1252,10,281,3,yes,
2025,RB,Chase Brown,4362238,CIN,0,0,1019,6,437,5,,
2025,RB,Travis Etienne Jr.,4239996,JAX,0,0,1107,7,292,6,,
2025,RB,Javonte Williams,4361579,DAL,0,0,1201,11,137,2,,
2025,RB,Saquon Barkley,3929630,PHI,0,0,1140,7,273,2,yes,
2025,RB,D'Andre Swift,4259545,CHI,0,0,1087,9,299,1,yes,
2025,RB,Ashton Jeanty,4890973,LV,0,0,975,5,346,5,,
2025,TE,Kyle Pitts Sr.,4360248,ATL,0,0,0,0,928,5,yes,
2025,TE,Juwan Johnson,3929645,NO,0,0,0,0,889,3,,
2025,TE,Hunter Henry,3046439,NE,0,0,0,0,768,7,,
2025,WR,Chris Olave,4361370,NO,0,0,-3,0,1163,9,,
2025,WR,Jameson Williams,4426388,DET,0,0,12,0,1117,7,,
2025,WR,Tetairoa McMillan,4685472,CAR,0,0,0,0,1014,7,,
2025,WR,Michael Wilson,4360761,ARI,0,0,0,0,1006,7,,
2025,WR,A.J. Brown,4047646,PHI,0,0,0,0,1003,7,yes,
2025,WR,Alec Pierce,4360078,IND,0,0,0,0,1003,6,,
2025,WR,Wan'Dale Robinson,4569587,NYG,0,0,5,0,1014,4,,
2025,WR,Stefon Diggs,2976212,NE,0,0,0,0,1013,4,yes,
2025,WR,Justin Jefferson,4262921,MIN,0,0,7,0,1048,2,yes,
2025,WR,DeVonta Smith,4241478,PHI,0,0,0,0,1008,4,,
2025,WR,Davante Adams,16800,LAR,0,0,0,0,789,14,yes,
2008,WR,Lance Moore,9400,NO,0,0,0,0,928,10,yes,fill-to-65 (2026-09-10)
2008,QB,Jake Delhomme,1693,CAR,3288,15,21,2,0,0,yes,fill-to-65 (2026-09-10)
2008,RB,Marion Barber,8523,DAL,0,0,885,7,417,2,yes,fill-to-65 (2026-09-10)
2008,WR,Donald Driver,1966,GB,0,0,4,0,1012,5,yes,fill-to-65 (2026-09-10)
2008,QB,Jason Campbell,8440,WSH,3245,13,258,1,0,0,yes,fill-to-65 (2026-09-10)
2008,RB,Derrick Ward,5760,NYG,0,0,1025,2,384,0,,fill-to-65 (2026-09-10)
2008,WR,Bernard Berrian,5603,MIN,0,0,26,0,964,7,,fill-to-65 (2026-09-10)
2008,TE,Visanthe Shiancoe,4549,MIN,0,0,0,0,596,7,,fill-to-65 (2026-09-10)
2010,WR,Braylon Edwards,8418,NYJ,0,0,4,0,904,7,yes,fill-to-65 (2026-09-10)
2010,QB,Jay Cutler,9597,CHI,3274,23,232,1,0,0,yes,fill-to-65 (2026-09-10)
2010,RB,Frank Gore,8479,SF,0,0,853,3,452,2,yes,fill-to-65 (2026-09-10)
2010,WR,Anquan Boldin,4512,BAL,-6,0,2,0,837,7,yes,fill-to-65 (2026-09-10)
2011,WR,Percy Harvin,12569,MIN,0,0,345,2,967,6,,fill-to-65 (2026-09-10)
2011,QB,Mike Vick,2549,PHI,3303,18,589,1,0,0,yes,fill-to-65 (2026-09-10)
2011,RB,Darren Sproles,8544,NO,0,0,603,2,710,7,yes,fill-to-65 (2026-09-10)
2013,WR,Kendall Wright,14909,TEN,0,0,0,0,1079,2,,fill-to-65 (2026-09-10)
2013,QB,Eli Manning,5526,NYG,3818,18,36,0,0,0,yes,fill-to-65 (2026-09-10)
2015,WR,Travis Benjamin,15062,CLE,0,0,12,0,966,5,,fill-to-65 (2026-09-10)
2020,WR,Corey Davis,3042778,TEN,0,0,0,0,984,5,yes,fill-to-65 (2026-09-10)
2020,QB,Teddy Bridgewater,16728,CAR,3733,15,279,5,0,0,yes,fill-to-65 (2026-09-10)
2020,RB,Antonio Gibson,4360294,WSH,0,0,795,11,247,0,yes,fill-to-65 (2026-09-10)
2020,WR,Diontae Johnson,3932905,PIT,0,0,15,0,923,7,yes,fill-to-65 (2026-09-10)
2020,QB,Drew Brees,2580,NO,2942,24,-2,2,0,0,yes,fill-to-65 (2026-09-10)
2020,RB,Clyde Edwards-Helaire,4242214,KC,0,0,803,4,297,1,,fill-to-65 (2026-09-10)
2020,WR,Robert Woods,15880,LAR,0,0,155,2,936,6,yes,fill-to-65 (2026-09-10)
2020,TE,Mark Andrews,3116365,BAL,0,0,0,0,701,7,yes,fill-to-65 (2026-09-10)
2020,WR,Nelson Agholor,2971618,LV,0,0,0,0,896,8,,fill-to-65 (2026-09-10)
2020,QB,Lamar Jackson,3916387,BAL,2757,26,1005,7,0,0,yes,fill-to-65 (2026-09-10)
2020,RB,Miles Sanders,4045163,PHI,0,0,867,6,197,0,yes,fill-to-65 (2026-09-10)
2021,WR,Hollywood Brown,4241372,BAL,0,0,5,0,1008,6,,fill-to-65 (2026-09-10)
2021,QB,Ryan Tannehill,14876,TEN,3734,21,270,7,0,0,yes,fill-to-65 (2026-09-10)
2021,RB,Cordarrelle Patterson,15807,ATL,0,0,618,6,548,5,,fill-to-65 (2026-09-10)
2022,WR,Jerry Jeudy,4241463,DEN,0,0,40,0,972,6,yes,fill-to-65 (2026-09-10)
2022,QB,Mac Jones,4241464,NE,2997,14,102,1,0,0,yes,fill-to-65 (2026-09-10)
2022,RB,Kenneth Walker III,4567048,SEA,0,0,1050,9,165,0,,fill-to-65 (2026-09-10)
2024,WR,Darnell Mooney,4040655,ATL,0,0,0,0,992,5,yes,fill-to-65 (2026-09-10)
2025,WR,Drake London,4426502,ATL,0,0,0,0,919,7,yes,fill-to-65 (2026-09-10)
