season,pos,number,wiki_title,name,team,espn_id,note
1995,QB,11,Drew Bledsoe,Drew Bledsoe,NE,393,extra: Frank 2026-09-10
1995,QB,1,Jeff George,Jeff George,ATL,69,extra: Frank 2026-09-10
1995,QB,11,Jim Everett,Jim Everett,NO,6430,extra: Frank 2026-09-10
1995,QB,12,,Jim Kelly,BUF,6410,extra: Frank 2026-09-10; no Wikipedia article verified
1995,QB,7,John Elway,John Elway,DEN,6470,extra: Frank 2026-09-10
1995,RB,27,Rodney Hampton,Rodney Hampton,NYG,6666,extra: Frank 2026-09-10
1995,RB,30,Terrell Davis,Terrell Davis,DEN,790,extra: Frank 2026-09-10
1995,TE,81,,Jackie Harris,TB,84,extra: Frank 2026-09-10; no Wikipedia article verified
1995,TE,82,Tony McGee (tight end),Tony McGee,CIN,395,extra: Frank 2026-09-10
1995,WR,80,Isaac Bruce,Isaac Bruce,LAR,658,extra: Frank 2026-09-10
1995,WR,84,Joey Galloway,Joey Galloway,SEA,751,extra: Frank 2026-09-10
1996,QB,13,Dan Marino,Dan Marino,MIA,1,extra: Frank 2026-09-10
1996,QB,17,Jim Everett,Jim Everett,NO,6430,extra: Frank 2026-09-10
1996,QB,12,,Jim Kelly,BUF,6410,extra: Frank 2026-09-10; no Wikipedia article verified
1996,QB,12,Trent Dilfer,Trent Dilfer,TB,649,extra: Frank 2026-09-10
1996,QB,14,Ty Detmer,Ty Detmer,PHI,321,extra: Frank 2026-09-10
1996,RB,27,Eddie George,Eddie George,TEN,930,extra: Frank 2026-09-10
1996,RB,,Emmitt Smith,Emmitt Smith,DAL,72,extra: Frank 2026-09-10
1996,RB,32,Marcus Allen,Marcus Allen,KC,6465,extra: Frank 2026-09-10
1996,RB,34,Thurman Thomas,Thurman Thomas,BUF,4,extra: Frank 2026-09-10
1996,WR,83,Andre Reed,Andre Reed,BUF,6,extra: Frank 2026-09-10
1996,WR,,Antonio Freeman,Antonio Freeman,GB,890,extra: Frank 2026-09-10
1996,WR,80,Jerry Rice,Jerry Rice,SF,12,extra: Frank 2026-09-10
1996,WR,82,Jimmy Smith (wide receiver),Jimmy Smith,JAX,278,extra: Frank 2026-09-10
1996,WR,,Joey Galloway,Joey Galloway,SEA,751,extra: Frank 2026-09-10
1997,QB,13,Dan Marino,Dan Marino,MIA,1,extra: Frank 2026-09-10
1997,QB,10,Kordell Stewart,Kordell Stewart,PIT,736,extra: Frank 2026-09-10
1997,QB,,Troy Aikman,Troy Aikman,DAL,53,extra: Frank 2026-09-10
1997,QB,12,Vinny Testaverde,Vinny Testaverde,BAL,9,extra: Frank 2026-09-10
1997,RB,28,Corey Dillon,Corey Dillon,CIN,1196,extra: Frank 2026-09-10
1997,RB,,Curtis Martin,Curtis Martin,NE,775,extra: Frank 2026-09-10
1997,RB,32,Jamal Anderson,Jamal Anderson,ATL,656,extra: Frank 2026-09-10
1997,RB,28,Marshall Faulk,Marshall Faulk,IND,548,extra: Frank 2026-09-10
1997,RB,32,Ricky Watters,Ricky Watters,PHI,114,extra: Frank 2026-09-10
1997,WR,,Antonio Freeman,Antonio Freeman,GB,890,extra: Frank 2026-09-10
1997,WR,81,Frank Sanders (American football),Frank Sanders,ARI,749,extra: Frank 2026-09-10
1997,WR,,Joey Galloway,Joey Galloway,SEA,751,extra: Frank 2026-09-10
1997,WR,87,Keenan McCardell,Keenan McCardell,JAX,276,extra: Frank 2026-09-10
1997,WR,,Michael Irvin,Michael Irvin,DAL,23,extra: Frank 2026-09-10
1997,WR,,Robert Brooks (American football),Robert Brooks,GB,310,extra: Frank 2026-09-10
1997,WR,,Rod Smith (wide receiver),Rod Smith,DEN,866,extra: Frank 2026-09-10
1998,QB,,Brett Favre,Brett Favre,GB,112,extra: Frank 2026-09-10
1998,QB,13,Dan Marino,Dan Marino,MIA,1,extra: Frank 2026-09-10
1998,QB,11,Drew Bledsoe,Drew Bledsoe,NE,393,extra: Frank 2026-09-10
1998,QB,16,Jake Plummer,Jake Plummer,ARI,1177,extra: Frank 2026-09-10
1998,QB,8,Mark Brunell,Mark Brunell,JAX,445,extra: Frank 2026-09-10
1998,QB,18,Peyton Manning,Peyton Manning,IND,1428,extra: Frank 2026-09-10
1998,QB,9,Steve McNair,Steve McNair,TEN,733,extra: Frank 2026-09-10
1998,QB,12,Trent Dilfer,Trent Dilfer,TB,649,extra: Frank 2026-09-10
1998,QB,10,Trent Green,Trent Green,WSH,478,extra: Frank 2026-09-10
1998,RB,28,Corey Dillon,Corey Dillon,CIN,1196,extra: Frank 2026-09-10
1998,RB,22,Duce Staley,Duce Staley,PHI,1256,extra: Frank 2026-09-10
1998,RB,28,Fred Taylor (running back),Fred Taylor,JAX,1430,extra: Frank 2026-09-10
1998,RB,33,Priest Holmes,Priest Holmes,BAL,1306,extra: Frank 2026-09-10
1998,RB,32,Ricky Watters,Ricky Watters,SEA,114,extra: Frank 2026-09-10
1998,RB,28,Warrick Dunn,Warrick Dunn,TB,1175,extra: Frank 2026-09-10
1998,TE,89,Frank Wycheck,Frank Wycheck,TEN,516,extra: Frank 2026-09-10
1998,WR,81,Frank Sanders (American football),Frank Sanders,ARI,749,extra: Frank 2026-09-10
1998,WR,84,Joey Galloway,Joey Galloway,SEA,751,extra: Frank 2026-09-10
1998,WR,,Rod Smith (wide receiver),Rod Smith,DEN,866,extra: Frank 2026-09-10
1998,WR,81,Terrell Owens,Terrell Owens,SF,1056,extra: Frank 2026-09-10
1998,WR,,Tim Brown (American football),Tim Brown,LV,16,extra: Frank 2026-09-10
1998,WR,,Wayne Chrebet,Wayne Chrebet,NYJ,796,extra: Frank 2026-09-10
1999,QB,4,Brett Favre,Brett Favre,GB,112,extra: Frank 2026-09-10
1999,QB,14,Brian Griese,Brian Griese,DEN,1493,extra: Frank 2026-09-10
1999,QB,7,Doug Flutie,Doug Flutie,BUF,35,extra: Frank 2026-09-10
1999,QB,,Drew Bledsoe,Drew Bledsoe,NE,393,extra: Frank 2026-09-10
1999,QB,5,Jeff Garcia,Jeff Garcia,SF,2026,extra: Frank 2026-09-10
1999,QB,4,Jim Harbaugh,Jim Harbaugh,LAC,27,extra: Frank 2026-09-10
1999,QB,,Jon Kitna,Jon Kitna,SEA,1383,extra: Frank 2026-09-10
1999,QB,8,Troy Aikman,Troy Aikman,DAL,53,extra: Frank 2026-09-10
1999,RB,,Curtis Martin,Curtis Martin,NYJ,775,extra: Frank 2026-09-10
1999,RB,22,Duce Staley,Duce Staley,PHI,1256,extra: Frank 2026-09-10
1999,RB,,Ricky Watters,Ricky Watters,SEA,114,extra: Frank 2026-09-10
1999,WR,81,Amani Toomer,Amani Toomer,NYG,941,extra: Frank 2026-09-10
1999,WR,86,Antonio Freeman,Antonio Freeman,GB,890,extra: Frank 2026-09-10
2000,QB,4,Brett Favre,Brett Favre,GB,112,extra: Frank 2026-09-10
2000,QB,,Drew Bledsoe,Drew Bledsoe,NE,393,extra: Frank 2026-09-10
2000,QB,16,Jake Plummer,Jake Plummer,ARI,1177,extra: Frank 2026-09-10
2000,QB,5,Kerry Collins,Kerry Collins,NYG,734,extra: Frank 2026-09-10
2000,QB,8,Mark Brunell,Mark Brunell,JAX,445,extra: Frank 2026-09-10
2000,QB,,Vinny Testaverde,Vinny Testaverde,NYJ,9,extra: Frank 2026-09-10
2000,RB,30,Ahman Green,Ahman Green,GB,1432,extra: Frank 2026-09-10
2000,RB,,Curtis Martin,Curtis Martin,NYJ,775,extra: Frank 2026-09-10
2000,RB,28,Fred Taylor (running back),Fred Taylor,JAX,1430,extra: Frank 2026-09-10
2000,RB,31,Jamal Lewis (American football),Jamal Lewis,BAL,2136,extra: Frank 2026-09-10
2000,RB,,,James Stewart,DET,740,extra: Frank 2026-09-10; no Wikipedia article verified
2000,RB,,Ricky Watters,Ricky Watters,SEA,114,extra: Frank 2026-09-10
2000,RB,21,Tiki Barber,Tiki Barber,NYG,1218,extra: Frank 2026-09-10
2000,TE,82,Shannon Sharpe,Shannon Sharpe,BAL,91,extra: Frank 2026-09-10
2000,WR,81,Amani Toomer,Amani Toomer,NYG,941,extra: Frank 2026-09-10
2000,WR,86,Antonio Freeman,Antonio Freeman,GB,890,extra: Frank 2026-09-10
2000,WR,84,,Bill Schroeder,GB,640,extra: Frank 2026-09-10; no Wikipedia article verified
2000,WR,89,David Boston,David Boston,ARI,1759,extra: Frank 2026-09-10
2000,WR,82,Derrick Alexander (wide receiver),Derrick Alexander,KC,567,extra: Frank 2026-09-10
2000,WR,87,Ed McCaffrey,Ed McCaffrey,DEN,120,extra: Frank 2026-09-10
2000,WR,87,Keenan McCardell,Keenan McCardell,JAX,276,extra: Frank 2026-09-10
2000,WR,87,Muhsin Muhammad,Muhsin Muhammad,CAR,936,extra: Frank 2026-09-10
2000,WR,,Terry Glenn,Terry Glenn,NE,940,extra: Frank 2026-09-10
2000,WR,81,Tim Brown (American football),Tim Brown,LV,16,extra: Frank 2026-09-10
2000,WR,,Wayne Chrebet,Wayne Chrebet,NYJ,796,extra: Frank 2026-09-10
2001,QB,2,Aaron Brooks (American football),Aaron Brooks,NO,1884,extra: Frank 2026-09-10
2001,QB,7,Doug Flutie,Doug Flutie,LAC,35,extra: Frank 2026-09-10
2001,QB,16,Jake Plummer,Jake Plummer,ARI,1177,extra: Frank 2026-09-10
2001,QB,9,Jay Fiedler,Jay Fiedler,MIA,712,extra: Frank 2026-09-10
2001,QB,5,Kerry Collins,Kerry Collins,NYG,734,extra: Frank 2026-09-10
2001,QB,8,Mark Brunell,Mark Brunell,JAX,445,extra: Frank 2026-09-10
2001,QB,,Peyton Manning,Peyton Manning,IND,1428,extra: Frank 2026-09-10
2001,QB,9,Steve McNair,Steve McNair,TEN,733,extra: Frank 2026-09-10
2001,QB,10,Trent Green,Trent Green,KC,478,extra: Frank 2026-09-10
2001,RB,,Antowain Smith,Antowain Smith,NE,1176,extra: Frank 2026-09-10
2001,RB,,Dominic Rhodes,Dominic Rhodes,IND,2893,extra: Frank 2026-09-10
2001,RB,21,LaDainian Tomlinson,LaDainian Tomlinson,LAC,2553,extra: Frank 2026-09-10
2001,RB,34,Ricky Williams,Ricky Williams,NO,1756,extra: Frank 2026-09-10
2001,RB,,Shaun Alexander,Shaun Alexander,SEA,2150,extra: Frank 2026-09-10
2001,RB,48,Stephen Davis (American football),Stephen Davis,WSH,979,extra: Frank 2026-09-10
2001,RB,21,Tiki Barber,Tiki Barber,NYG,1218,extra: Frank 2026-09-10
2001,TE,,Marcus Pollard,Marcus Pollard,IND,909,extra: Frank 2026-09-10
2001,WR,81,Amani Toomer,Amani Toomer,NYG,941,extra: Frank 2026-09-10
2001,WR,80,Curtis Conway,Curtis Conway,LAC,388,extra: Frank 2026-09-10
2001,WR,85,Derrick Mason,Derrick Mason,TEN,1263,extra: Frank 2026-09-10
2001,WR,,Jerry Rice,Jerry Rice,LV,12,extra: Frank 2026-09-10
2001,WR,87,Keenan McCardell,Keenan McCardell,JAX,276,extra: Frank 2026-09-10
2001,WR,,Kevin Johnson (wide receiver),Kevin Johnson,CLE,1784,extra: Frank 2026-09-10
2001,WR,,Marty Booker,Marty Booker,CHI,1831,extra: Frank 2026-09-10
2001,WR,87,Qadry Ismail,Qadry Ismail,BAL,387,extra: Frank 2026-09-10
2001,WR,84,Randy Moss,Randy Moss,MIN,1433,extra: Frank 2026-09-10
2002,QB,2,Aaron Brooks (American football),Aaron Brooks,NO,1884,extra: Frank 2026-09-10
2002,QB,14,Brian Griese,Brian Griese,DEN,1493,extra: Frank 2026-09-10
2002,QB,10,Chad Pennington,Chad Pennington,NYJ,2149,extra: Frank 2026-09-10
2002,QB,11,Daunte Culpepper,Daunte Culpepper,MIN,1762,extra: Frank 2026-09-10
2002,QB,9,Drew Brees,Drew Brees,LAC,2580,extra: Frank 2026-09-10
2002,QB,3,Jon Kitna,Jon Kitna,CIN,1383,extra: Frank 2026-09-10
2002,QB,5,Kerry Collins,Kerry Collins,NYG,734,extra: Frank 2026-09-10
2002,QB,8,Matt Hasselbeck,Matt Hasselbeck,SEA,1575,extra: Frank 2026-09-10
2002,QB,9,Steve McNair,Steve McNair,TEN,733,extra: Frank 2026-09-10
2002,QB,12,Tom Brady,Tom Brady,NE,2330,extra: Frank 2026-09-10
2002,QB,10,Trent Green,Trent Green,KC,478,extra: Frank 2026-09-10
2002,RB,25,Charlie Garner,Charlie Garner,LV,616,extra: Frank 2026-09-10
2002,RB,26,Clinton Portis,Clinton Portis,DEN,3579,extra: Frank 2026-09-10
2002,RB,28,Corey Dillon,Corey Dillon,CIN,1196,extra: Frank 2026-09-10
2002,RB,22,Duce Staley,Duce Staley,PHI,1256,extra: Frank 2026-09-10
2002,RB,,Fred Taylor (running back),Fred Taylor,JAX,1430,extra: Frank 2026-09-10
2002,RB,,Jamal Lewis (American football),Jamal Lewis,BAL,2136,extra: Frank 2026-09-10
2002,RB,37,Shaun Alexander,Shaun Alexander,SEA,2150,extra: Frank 2026-09-10
2002,RB,21,Tiki Barber,Tiki Barber,NYG,1218,extra: Frank 2026-09-10
2002,WR,81,Amani Toomer,Amani Toomer,NYG,941,extra: Frank 2026-09-10
2002,WR,85,Chad Ochocinco,Chad Johnson,CIN,2584,extra: Frank 2026-09-10
2002,WR,,Isaac Bruce,Isaac Bruce,LAR,658,extra: Frank 2026-09-10
2002,WR,,Jimmy Smith (wide receiver),Jimmy Smith,JAX,278,extra: Frank 2026-09-10
2002,WR,19,Keyshawn Johnson,Keyshawn Johnson,TB,924,extra: Frank 2026-09-10
2002,WR,81,Koren Robinson,Koren Robinson,SEA,2557,extra: Frank 2026-09-10
2002,WR,87,Laveranues Coles,Laveranues Coles,NYJ,2209,extra: Frank 2026-09-10
2002,WR,81,Peerless Price,Peerless Price,BUF,1806,extra: Frank 2026-09-10
2002,WR,80,Plaxico Burress,Plaxico Burress,PIT,2139,extra: Frank 2026-09-10
2002,WR,87,Rod Gardner,Rod Gardner,WSH,2563,extra: Frank 2026-09-10
2002,WR,,Torry Holt,Torry Holt,LAR,1757,extra: Frank 2026-09-10
2003,QB,,Aaron Brooks (American football),Aaron Brooks,NO,1884,extra: Frank 2026-09-10
2003,QB,,Brad Johnson (American football),Brad Johnson,TB,331,extra: Frank 2026-09-10
2003,QB,,Byron Leftwich,Byron Leftwich,JAX,4465,extra: Frank 2026-09-10
2003,QB,17,Jake Delhomme,Jake Delhomme,CAR,1693,extra: Frank 2026-09-10
2003,QB,,Joey Harrington,Joey Harrington,DET,3531,extra: Frank 2026-09-10
2003,QB,3,Jon Kitna,Jon Kitna,CIN,1383,extra: Frank 2026-09-10
2003,QB,,Kerry Collins,Kerry Collins,NYG,734,extra: Frank 2026-09-10
2003,QB,,Tom Brady,Tom Brady,NE,2330,extra: Frank 2026-09-10
2003,QB,8,Tommy Maddox,Tommy Maddox,PIT,279,extra: Frank 2026-09-10
2003,RB,,Curtis Martin,Curtis Martin,NYJ,775,extra: Frank 2026-09-10
2003,RB,,Edgerrin James,Edgerrin James,IND,1755,extra: Frank 2026-09-10
2003,RB,,Fred Taylor (running back),Fred Taylor,JAX,1430,extra: Frank 2026-09-10
2003,RB,,LaDainian Tomlinson,LaDainian Tomlinson,LAC,2553,extra: Frank 2026-09-10
2003,RB,,Ricky Williams,Ricky Williams,MIA,1756,extra: Frank 2026-09-10
2003,RB,,Tiki Barber,Tiki Barber,NYG,1218,extra: Frank 2026-09-10
2003,RB,,Travis Henry,Travis Henry,BUF,2606,extra: Frank 2026-09-10
2003,TE,,Shannon Sharpe,Shannon Sharpe,DEN,91,extra: Frank 2026-09-10
2003,WR,,Amani Toomer,Amani Toomer,NYG,941,extra: Frank 2026-09-10
2003,WR,,Andre Johnson,Andre Johnson,HOU,4461,extra: Frank 2026-09-10
2003,WR,,Chris Chambers,Chris Chambers,MIA,2600,extra: Frank 2026-09-10
2003,WR,,Darrell Jackson,Darrell Jackson,SEA,2211,extra: Frank 2026-09-10
2003,WR,,David Boston,David Boston,LAC,1759,extra: Frank 2026-09-10
2003,WR,,Isaac Bruce,Isaac Bruce,LAR,658,extra: Frank 2026-09-10
2003,WR,,Joe Horn,Joe Horn,NO,1042,extra: Frank 2026-09-10
2003,WR,,Koren Robinson,Koren Robinson,SEA,2557,extra: Frank 2026-09-10
2003,WR,,Reggie Wayne,Reggie Wayne,IND,2578,extra: Frank 2026-09-10
2003,WR,,Santana Moss,Santana Moss,NYJ,2564,extra: Frank 2026-09-10
2003,WR,89,Steve Smith Sr.,Steve Smith Sr.,CAR,2622,extra: Frank 2026-09-10
2004,QB,,Aaron Brooks (American football),Aaron Brooks,NO,1884,extra: Frank 2026-09-10
2004,QB,,Brett Favre,Brett Favre,GB,112,extra: Frank 2026-09-10
2004,QB,8,David Carr (American football),David Carr,HOU,3529,extra: Frank 2026-09-10
2004,QB,17,Jake Delhomme,Jake Delhomme,CAR,1693,extra: Frank 2026-09-10
2004,QB,,Jake Plummer,Jake Plummer,DEN,1177,extra: Frank 2026-09-10
2004,QB,,Kerry Collins,Kerry Collins,LV,734,extra: Frank 2026-09-10
2004,QB,,Marc Bulger,Marc Bulger,LAR,2299,extra: Frank 2026-09-10
2004,QB,10,Trent Green,Trent Green,KC,478,extra: Frank 2026-09-10
2004,QB,,Vinny Testaverde,Vinny Testaverde,DAL,9,extra: Frank 2026-09-10
2004,RB,26,Clinton Portis,Clinton Portis,WSH,3579,extra: Frank 2026-09-10
2004,RB,,Fred Taylor (running back),Fred Taylor,JAX,1430,extra: Frank 2026-09-10
2004,RB,,Michael Pittman Sr.,Michael Pittman,TB,1497,extra: Frank 2026-09-10
2004,RB,,Reuben Droughns,Reuben Droughns,DEN,2212,extra: Frank 2026-09-10
2004,RB,,Thomas Jones (American football),Thomas Jones,CHI,2138,extra: Frank 2026-09-10
2004,RB,28,Warrick Dunn,Warrick Dunn,ATL,1175,extra: Frank 2026-09-10
2004,RB,,Willis McGahee,Willis McGahee,BUF,4481,extra: Frank 2026-09-10
2004,TE,55,Eric Johnson (tight end),Eric Johnson,SF,2773,extra: Frank 2026-09-10
2004,TE,,Randy McMichael,Randy McMichael,MIA,3642,extra: Frank 2026-09-10
2004,WR,,Brandon Stokley,Brandon Stokley,IND,1858,extra: Frank 2026-09-10
2004,WR,,Darrell Jackson,Darrell Jackson,SEA,2211,extra: Frank 2026-09-10
2004,WR,,Derrick Mason,Derrick Mason,TEN,1263,extra: Frank 2026-09-10
2004,WR,,Donald Driver,Donald Driver,GB,1966,extra: Frank 2026-09-10
2004,WR,,Drew Bennett,Drew Bennett,TEN,2898,extra: Frank 2026-09-10
2004,WR,87,Eddie Kennison,Eddie Kennison,KC,943,extra: Frank 2026-09-10
2004,WR,,Isaac Bruce,Isaac Bruce,LAR,658,extra: Frank 2026-09-10
2004,WR,,Jimmy Smith (wide receiver),Jimmy Smith,JAX,278,extra: Frank 2026-09-10
2004,WR,,Michael Clayton (American football),Michael Clayton,TB,5540,extra: Frank 2026-09-10
2004,WR,,Reggie Wayne,Reggie Wayne,IND,2578,extra: Frank 2026-09-10
2004,WR,,Rod Smith (wide receiver),Rod Smith,DEN,866,extra: Frank 2026-09-10
2005,QB,,Aaron Brooks (American football),Aaron Brooks,NO,1884,extra: Frank 2026-09-10
2005,QB,,Brett Favre,Brett Favre,GB,112,extra: Frank 2026-09-10
2005,QB,,Drew Bledsoe,Drew Bledsoe,DAL,393,extra: Frank 2026-09-10
2005,QB,,Drew Brees,Drew Brees,LAC,2580,extra: Frank 2026-09-10
2005,QB,,Eli Manning,Eli Manning,NYG,5526,extra: Frank 2026-09-10
2005,QB,,Gus Frerotte,Gus Frerotte,MIA,622,extra: Frank 2026-09-10
2005,QB,,Kerry Collins,Kerry Collins,LV,734,extra: Frank 2026-09-10
2005,QB,,Kurt Warner,Kurt Warner,ARI,1682,extra: Frank 2026-09-10
2005,QB,,Mark Brunell,Mark Brunell,WSH,445,extra: Frank 2026-09-10
2005,RB,,Clinton Portis,Clinton Portis,WSH,3579,extra: Frank 2026-09-10
2005,RB,,LaMont Jordan,LaMont Jordan,LV,2597,extra: Frank 2026-09-10
2005,RB,34,Reuben Droughns,Reuben Droughns,CLE,2212,extra: Frank 2026-09-10
2005,RB,32,Rudi Johnson,Rudi Johnson,CIN,2649,extra: Frank 2026-09-10
2005,RB,,Steven Jackson,Steven Jackson,LAR,5549,extra: Frank 2026-09-10
2005,RB,,Thomas Jones (American football),Thomas Jones,CHI,2138,extra: Frank 2026-09-10
2005,RB,39,Willie Parker,Willie Parker,PIT,5880,extra: Frank 2026-09-10
2005,RB,,Willis McGahee,Willis McGahee,BUF,4481,extra: Frank 2026-09-10
2005,TE,,Chris Cooley (American football),Chris Cooley,WSH,5606,extra: Frank 2026-09-10
2005,TE,,Todd Heap,Todd Heap,BAL,2579,extra: Frank 2026-09-10
2005,WR,,Anquan Boldin,Anquan Boldin,ARI,4512,extra: Frank 2026-09-10
2005,WR,,Donald Driver,Donald Driver,GB,1966,extra: Frank 2026-09-10
2005,WR,,Eddie Kennison,Eddie Kennison,KC,943,extra: Frank 2026-09-10
2005,WR,86,Hines Ward,Hines Ward,PIT,1494,extra: Frank 2026-09-10
2005,WR,,Jimmy Smith (wide receiver),Jimmy Smith,JAX,278,extra: Frank 2026-09-10
2005,WR,,Joey Galloway,Joey Galloway,TB,751,extra: Frank 2026-09-10
2005,WR,,Plaxico Burress,Plaxico Burress,NYG,2139,extra: Frank 2026-09-10
2005,WR,,Randy Moss,Randy Moss,LV,1433,extra: Frank 2026-09-10
2005,WR,,Reggie Wayne,Reggie Wayne,IND,2578,extra: Frank 2026-09-10
2005,WR,89,Steve Smith Sr.,Steve Smith Sr.,CAR,2622,extra: Frank 2026-09-10
2005,WR,,Terry Glenn,Terry Glenn,DAL,940,extra: Frank 2026-09-10
2006,QB,7,Ben Roethlisberger,Ben Roethlisberger,PIT,5536,extra: Frank 2026-09-10
2006,QB,,Brett Favre,Brett Favre,GB,112,extra: Frank 2026-09-10
2006,QB,,Chad Pennington,Chad Pennington,NYJ,2149,extra: Frank 2026-09-10
2006,QB,,Eli Manning,Eli Manning,NYG,5526,extra: Frank 2026-09-10
2006,QB,,J. P. Losman,J.P. Losman,BUF,5547,extra: Frank 2026-09-10
2006,QB,,Jon Kitna,Jon Kitna,DET,1383,extra: Frank 2026-09-10
2006,QB,8,Rex Grossman,Rex Grossman,CHI,4480,extra: Frank 2026-09-10
2006,QB,9,Steve McNair,Steve McNair,BAL,733,extra: Frank 2026-09-10
2006,QB,12,Tom Brady,Tom Brady,NE,2330,extra: Frank 2026-09-10
2006,RB,,Ahman Green,Ahman Green,GB,1432,extra: Frank 2026-09-10
2006,RB,,Brian Westbrook,Brian Westbrook,PHI,3619,extra: Frank 2026-09-10
2006,RB,29,Chester Taylor,Chester Taylor,MIN,3784,extra: Frank 2026-09-10
2006,RB,,Fred Taylor (running back),Fred Taylor,JAX,1430,extra: Frank 2026-09-10
2006,RB,,Joseph Addai,Joseph Addai,IND,9616,extra: Frank 2026-09-10
2006,RB,,Ladell Betts,Ladell Betts,WSH,3584,extra: Frank 2026-09-10
2006,RB,,Maurice Jones-Drew,Maurice Jones-Drew,JAX,9646,extra: Frank 2026-09-10
2006,RB,32,Rudi Johnson,Rudi Johnson,CIN,2649,extra: Frank 2026-09-10
2006,TE,,Kellen Winslow II,Kellen Winslow,CLE,5531,extra: Frank 2026-09-10
2006,TE,86,Todd Heap,Todd Heap,BAL,2579,extra: Frank 2026-09-10
2006,WR,,Javon Walker,Javon Walker,DEN,3548,extra: Frank 2026-09-10
2006,WR,,Joey Galloway,Joey Galloway,TB,751,extra: Frank 2026-09-10
2006,WR,,Laveranues Coles,Laveranues Coles,NYJ,2209,extra: Frank 2026-09-10
2006,WR,,Lee Evans (American football),Lee Evans,BUF,5538,extra: Frank 2026-09-10
2006,WR,,Marques Colston,Marques Colston,NO,9838,extra: Frank 2026-09-10
2006,WR,,Mike Furrey,Mike Furrey,DET,4939,extra: Frank 2026-09-10
2006,WR,,Plaxico Burress,Plaxico Burress,NYG,2139,extra: Frank 2026-09-10
2006,WR,89,Steve Smith Sr.,Steve Smith Sr.,CAR,2622,extra: Frank 2026-09-10
2006,WR,84,T.J. Houshmandzadeh,T.J. Houshmandzadeh,CIN,2753,extra: Frank 2026-09-10
2006,WR,,Terrell Owens,Terrell Owens,DAL,1056,extra: Frank 2026-09-10
2006,WR,,Terry Glenn,Terry Glenn,DAL,940,extra: Frank 2026-09-10
2007,QB,9,Carson Palmer,Carson Palmer,CIN,4459,extra: Frank 2026-09-10
2007,QB,,David Garrard,David Garrard,JAX,3636,extra: Frank 2026-09-10
2007,QB,,Donovan McNabb,Donovan McNabb,PHI,1753,extra: Frank 2026-09-10
2007,QB,,Drew Brees,Drew Brees,NO,2580,extra: Frank 2026-09-10
2007,QB,,Eli Manning,Eli Manning,NYG,5526,extra: Frank 2026-09-10
2007,QB,,Jason Campbell,Jason Campbell,WSH,8440,extra: Frank 2026-09-10
2007,QB,6,Jay Cutler,Jay Cutler,DEN,9597,extra: Frank 2026-09-10
2007,QB,,Jon Kitna,Jon Kitna,DET,1383,extra: Frank 2026-09-10
2007,QB,,Kurt Warner,Kurt Warner,ARI,1682,extra: Frank 2026-09-10
2007,QB,,Philip Rivers,Philip Rivers,LAC,5529,extra: Frank 2026-09-10
2007,RB,,Clinton Portis,Clinton Portis,WSH,3579,extra: Frank 2026-09-10
2007,RB,,Earnest Graham,Earnest Graham,TB,4950,extra: Frank 2026-09-10
2007,RB,,Edgerrin James,Edgerrin James,ARI,1755,extra: Frank 2026-09-10
2007,RB,,Frank Gore,Frank Gore,SF,8479,extra: Frank 2026-09-10
2007,RB,,Jamal Lewis (American football),Jamal Lewis,CLE,2136,extra: Frank 2026-09-10
2007,RB,,Marshawn Lynch,Marshawn Lynch,BUF,10456,extra: Frank 2026-09-10
2007,RB,,Steven Jackson,Steven Jackson,LAR,5549,extra: Frank 2026-09-10
2007,RB,20,Thomas Jones (American football),Thomas Jones,NYJ,2138,extra: Frank 2026-09-10
2007,TE,,Owen Daniels (American football),Owen Daniels,HOU,9684,extra: Frank 2026-09-10
2007,WR,84,Bobby Engram,Bobby Engram,SEA,937,extra: Frank 2026-09-10
2007,WR,15,Brandon Marshall,Brandon Marshall,DEN,9705,extra: Frank 2026-09-10
2007,WR,,Derrick Mason,Derrick Mason,BAL,1263,extra: Frank 2026-09-10
2007,WR,,Greg Jennings,Greg Jennings,GB,9638,extra: Frank 2026-09-10
2007,WR,89,Jerricho Cotchery,Jerricho Cotchery,NYJ,5633,extra: Frank 2026-09-10
2007,WR,,Kevin Curtis,Kevin Curtis,PHI,4532,extra: Frank 2026-09-10
2007,WR,,Marques Colston,Marques Colston,NO,9838,extra: Frank 2026-09-10
2007,WR,,Plaxico Burress,Plaxico Burress,NYG,2139,extra: Frank 2026-09-10
2007,WR,84,Roddy White,Roddy White,ATL,8442,extra: Frank 2026-09-10
2007,WR,89,Steve Smith Sr.,Steve Smith Sr.,CAR,2622,extra: Frank 2026-09-10
2007,WR,83,Wes Welker,Wes Welker,NE,5941,extra: Frank 2026-09-10
2008,QB,,Aaron Rodgers,Aaron Rodgers,GB,8439,extra: Frank 2026-09-10
2008,QB,7,Ben Roethlisberger,Ben Roethlisberger,PIT,5536,extra: Frank 2026-09-10
2008,QB,,Chad Pennington,Chad Pennington,MIA,2149,extra: Frank 2026-09-10
2008,QB,,David Garrard,David Garrard,JAX,3636,extra: Frank 2026-09-10
2008,QB,5,Donovan McNabb,Donovan McNabb,PHI,1753,extra: Frank 2026-09-10
2008,QB,17,Jake Delhomme,Jake Delhomme,CAR,1693,extra: Frank 2026-09-10
2008,QB,17,Jason Campbell,Jason Campbell,WSH,8440,extra: Frank 2026-09-10
2008,QB,,Matt Cassel,Matt Cassel,NE,8644,extra: Frank 2026-09-10
2008,QB,,Matt Ryan (American football),Matt Ryan,ATL,11237,extra: Frank 2026-09-10
2008,QB,,Philip Rivers,Philip Rivers,LAC,5529,extra: Frank 2026-09-10
2008,QB,,Tony Romo,Tony Romo,DAL,5209,extra: Frank 2026-09-10
2008,RB,36,Brian Westbrook,Brian Westbrook,PHI,3619,extra: Frank 2026-09-10
2008,RB,34,DeAngelo Williams,DeAngelo Williams,CAR,9613,extra: Frank 2026-09-10
2008,RB,,Derrick Ward,Derrick Ward,NYG,5760,extra: Frank 2026-09-10
2008,RB,,Frank Gore,Frank Gore,SF,8479,extra: Frank 2026-09-10
2008,RB,,LaDainian Tomlinson,LaDainian Tomlinson,LAC,2553,extra: Frank 2026-09-10
2008,RB,,Marion Barber III,Marion Barber,DAL,8523,extra: Frank 2026-09-10
2008,RB,22,Matt Forte,Matt Forte,CHI,11278,extra: Frank 2026-09-10
2008,RB,,Maurice Jones-Drew,Maurice Jones-Drew,JAX,9646,extra: Frank 2026-09-10
2008,RB,,Steve Slaton,Steve Slaton,HOU,11323,extra: Frank 2026-09-10
2008,RB,,Steven Jackson,Steven Jackson,LAR,5549,extra: Frank 2026-09-10
2008,TE,,Dallas Clark,Dallas Clark,IND,4482,extra: Frank 2026-09-10
2008,TE,81,Visanthe Shiancoe,Visanthe Shiancoe,MIN,4549,extra: Frank 2026-09-10
2008,TE,,"Zach Miller (tight end, born 1985)",Zach Miller,LV,10482,extra: Frank 2026-09-10
2008,WR,,Antonio Bryant,Antonio Bryant,TB,3591,extra: Frank 2026-09-10
2008,WR,87,Bernard Berrian,Bernard Berrian,MIN,5603,extra: Frank 2026-09-10
2008,WR,81,Calvin Johnson,Calvin Johnson,DET,10447,extra: Frank 2026-09-10
2008,WR,,Derrick Mason,Derrick Mason,BAL,1263,extra: Frank 2026-09-10
2008,WR,,Donald Driver,Donald Driver,GB,1966,extra: Frank 2026-09-10
2008,WR,,Dwayne Bowe,Dwayne Bowe,KC,10467,extra: Frank 2026-09-10
2008,WR,,Greg Jennings,Greg Jennings,GB,9638,extra: Frank 2026-09-10
2008,WR,86,Hines Ward,Hines Ward,PIT,1494,extra: Frank 2026-09-10
2008,WR,,Lance Moore,Lance Moore,NO,9400,extra: Frank 2026-09-10
2008,WR,,Randy Moss,Randy Moss,NE,1433,extra: Frank 2026-09-10
2008,WR,89,Santana Moss,Santana Moss,WSH,2564,extra: Frank 2026-09-10
2008,WR,89,Steve Smith Sr.,Steve Smith Sr.,CAR,2622,extra: Frank 2026-09-10
2008,WR,,Terrell Owens,Terrell Owens,DAL,1056,extra: Frank 2026-09-10
2008,WR,,Vincent Jackson,Vincent Jackson,LAC,8475,extra: Frank 2026-09-10
2009,QB,7,Ben Roethlisberger,Ben Roethlisberger,PIT,5536,extra: Frank 2026-09-10
2009,QB,,Carson Palmer,Carson Palmer,CIN,4459,extra: Frank 2026-09-10
2009,QB,,Eli Manning,Eli Manning,NYG,5526,extra: Frank 2026-09-10
2009,QB,,Jason Campbell,Jason Campbell,WSH,8440,extra: Frank 2026-09-10
2009,QB,,Jay Cutler,Jay Cutler,CHI,9597,extra: Frank 2026-09-10
2009,QB,5,Joe Flacco,Joe Flacco,BAL,11252,extra: Frank 2026-09-10
2009,QB,,Kurt Warner,Kurt Warner,ARI,1682,extra: Frank 2026-09-10
2009,QB,,Kyle Orton,Kyle Orton,DEN,8520,extra: Frank 2026-09-10
2009,RB,,Cedric Benson,Cedric Benson,CIN,8419,extra: Frank 2026-09-10
2009,RB,,Fred Jackson (running back),Fred Jackson,BUF,10195,extra: Frank 2026-09-10
2009,RB,,Jamaal Charles,Jamaal Charles,KC,11307,extra: Frank 2026-09-10
2009,RB,,Jonathan Stewart,Jonathan Stewart,CAR,11247,extra: Frank 2026-09-10
2009,RB,34,Rashard Mendenhall,Rashard Mendenhall,PIT,11257,extra: Frank 2026-09-10
2009,RB,,Ricky Williams,Ricky Williams,MIA,1756,extra: Frank 2026-09-10
2009,RB,,Ryan Grant (running back),Ryan Grant,GB,9475,extra: Frank 2026-09-10
2009,RB,20,Thomas Jones (American football),Thomas Jones,NYJ,2138,extra: Frank 2026-09-10
2009,TE,,Brent Celek,Brent Celek,PHI,10605,extra: Frank 2026-09-10
2009,TE,,Kellen Winslow II,Kellen Winslow,TB,5531,extra: Frank 2026-09-10
2009,TE,,Tony Gonzalez,Tony Gonzalez,ATL,1231,extra: Frank 2026-09-10
2009,WR,,Anquan Boldin,Anquan Boldin,ARI,4512,extra: Frank 2026-09-10
2009,WR,,Calvin Johnson,Calvin Johnson,DET,10447,extra: Frank 2026-09-10
2009,WR,85,Derrick Mason,Derrick Mason,BAL,1263,extra: Frank 2026-09-10
2009,WR,,Donald Driver,Donald Driver,GB,1966,extra: Frank 2026-09-10
2009,WR,,Greg Jennings,Greg Jennings,GB,9638,extra: Frank 2026-09-10
2009,WR,86,Hines Ward,Hines Ward,PIT,1494,extra: Frank 2026-09-10
2009,WR,,Marques Colston,Marques Colston,NO,9838,extra: Frank 2026-09-10
2009,WR,,Mike Sims-Walker,Mike Sims-Walker,JAX,10523,extra: Frank 2026-09-10
2009,WR,,Randy Moss,Randy Moss,NE,1433,extra: Frank 2026-09-10
2009,WR,10,Santonio Holmes,Santonio Holmes,PIT,9611,extra: Frank 2026-09-10
2009,WR,,Steve Smith Sr.,Steve Smith Sr.,CAR,2622,extra: Frank 2026-09-10
2010,QB,12,Aaron Rodgers,Aaron Rodgers,GB,8439,extra: Frank 2026-09-10
2010,QB,9,Carson Palmer,Carson Palmer,CIN,4459,extra: Frank 2026-09-10
2010,QB,10,Eli Manning,Eli Manning,NYG,5526,extra: Frank 2026-09-10
2010,QB,6,Jay Cutler,Jay Cutler,CHI,9597,extra: Frank 2026-09-10
2010,QB,5,Joe Flacco,Joe Flacco,BAL,11252,extra: Frank 2026-09-10
2010,QB,5,Josh Freeman,Josh Freeman,TB,12473,extra: Frank 2026-09-10
2010,QB,8,Kyle Orton,Kyle Orton,DEN,8520,extra: Frank 2026-09-10
2010,QB,8,Matt Schaub,Matt Schaub,HOU,5615,extra: Frank 2026-09-10
2010,QB,8,Sam Bradford,Sam Bradford,LAR,13197,extra: Frank 2026-09-10
2010,RB,44,Ahmad Bradshaw,Ahmad Bradshaw,NYG,10693,extra: Frank 2026-09-10
2010,RB,32,Cedric Benson,Cedric Benson,CIN,8419,extra: Frank 2026-09-10
2010,RB,20,Darren McFadden,Darren McFadden,LV,11238,extra: Frank 2026-09-10
2010,RB,21,Frank Gore,Frank Gore,SF,8479,extra: Frank 2026-09-10
2010,RB,25,LeSean McCoy,LeSean McCoy,PHI,12514,extra: Frank 2026-09-10
2010,RB,22,Matt Forte,Matt Forte,CHI,11278,extra: Frank 2026-09-10
2010,RB,40,Peyton Hillis,Peyton Hillis,CLE,11461,extra: Frank 2026-09-10
2010,RB,34,Rashard Mendenhall,Rashard Mendenhall,PIT,11257,extra: Frank 2026-09-10
2010,RB,27,Ray Rice,Ray Rice,BAL,11289,extra: Frank 2026-09-10
2010,TE,47,Chris Cooley (American football),Chris Cooley,WSH,5606,extra: Frank 2026-09-10
2010,TE,82,Kellen Winslow II,Kellen Winslow,TB,5531,extra: Frank 2026-09-10
2010,TE,85,Vernon Davis,Vernon Davis,SF,9592,extra: Frank 2026-09-10
2010,WR,81,Anquan Boldin,Anquan Boldin,BAL,4512,extra: Frank 2026-09-10
2010,WR,19,Brandon Marshall,Brandon Marshall,MIA,9705,extra: Frank 2026-09-10
2010,WR,17,Braylon Edwards,Braylon Edwards,NYJ,8418,extra: Frank 2026-09-10
2010,WR,88,Hakeem Nicks,Hakeem Nicks,NYG,12586,extra: Frank 2026-09-10
2010,WR,18,Jeremy Maclin,Jeremy Maclin,PHI,12579,extra: Frank 2026-09-10
2010,WR,13,Johnny Knox,Johnny Knox,CHI,12678,extra: Frank 2026-09-10
2010,WR,82,Mario Manningham,Mario Manningham,NYG,11329,extra: Frank 2026-09-10
2010,WR,12,Marques Colston,Marques Colston,NO,9838,extra: Frank 2026-09-10
2010,WR,17,Mike Wallace (American football),Mike Wallace,PIT,12601,extra: Frank 2026-09-10
2010,WR,,,Mike Williams,TB,13489,extra: Frank 2026-09-10; no Wikipedia article verified
2010,WR,89,Santana Moss,Santana Moss,WSH,2564,extra: Frank 2026-09-10
2010,WR,13,Stevie Johnson,Stevie Johnson,BUF,11458,extra: Frank 2026-09-10
2010,WR,81,Terrell Owens,Terrell Owens,CIN,1056,extra: Frank 2026-09-10
2011,QB,5,Joe Flacco,Joe Flacco,BAL,11252,extra: Frank 2026-09-10
2011,QB,5,Josh Freeman,Josh Freeman,TB,12473,extra: Frank 2026-09-10
2011,QB,6,Mark Sanchez,Mark Sanchez,NYJ,12482,extra: Frank 2026-09-10
2011,QB,8,Matt Hasselbeck,Matt Hasselbeck,TEN,1575,extra: Frank 2026-09-10
2011,QB,2,Matt Ryan (American football),Matt Ryan,ATL,11237,extra: Frank 2026-09-10
2011,QB,9,Matthew Stafford,Matthew Stafford,DET,12483,extra: Frank 2026-09-10
2011,QB,,Michael Vick,Mike Vick,PHI,2549,extra: Frank 2026-09-10
2011,QB,14,Ryan Fitzpatrick,Ryan Fitzpatrick,BUF,8664,extra: Frank 2026-09-10
2011,QB,,Tony Romo,Tony Romo,DAL,5209,extra: Frank 2026-09-10
2011,RB,28,Adrian Peterson,Adrian Peterson,MIN,10452,extra: Frank 2026-09-10
2011,RB,,Chris Johnson (running back),Chris Johnson,TEN,11258,extra: Frank 2026-09-10
2011,RB,43,Darren Sproles,Darren Sproles,NO,8544,extra: Frank 2026-09-10
2011,RB,22,Fred Jackson (running back),Fred Jackson,BUF,10195,extra: Frank 2026-09-10
2011,RB,29,Michael Bush,Michael Bush,LV,10544,extra: Frank 2026-09-10
2011,RB,33,Michael Turner (American football),Michael Turner,ATL,5679,extra: Frank 2026-09-10
2011,RB,22,Reggie Bush,Reggie Bush,MIA,9588,extra: Frank 2026-09-10
2011,RB,23,Shonn Greene,Shonn Greene,NYJ,12500,extra: Frank 2026-09-10
2011,RB,39,Steven Jackson,Steven Jackson,LAR,5549,extra: Frank 2026-09-10
2011,TE,81,Aaron Hernandez,Aaron Hernandez,NE,13230,extra: Frank 2026-09-10
2011,TE,81,Dustin Keller,Dustin Keller,NYJ,11264,extra: Frank 2026-09-10
2011,TE,,Jason Witten,Jason Witten,DAL,4527,extra: Frank 2026-09-10
2011,WR,84,Antonio Brown,Antonio Brown,PIT,13934,extra: Frank 2026-09-10
2011,WR,,Dez Bryant,Dez Bryant,DAL,13215,extra: Frank 2026-09-10
2011,WR,82,Dwayne Bowe,Dwayne Bowe,KC,10467,extra: Frank 2026-09-10
2011,WR,88,Hakeem Nicks,Hakeem Nicks,NYG,12586,extra: Frank 2026-09-10
2011,WR,87,Jordy Nelson,Jordy Nelson,GB,11270,extra: Frank 2026-09-10
2011,WR,11,Julio Jones,Julio Jones,ATL,13982,extra: Frank 2026-09-10
2011,WR,12,Marques Colston,Marques Colston,NO,9838,extra: Frank 2026-09-10
2011,WR,85,Nate Washington,Nate Washington,TEN,9307,extra: Frank 2026-09-10
2011,WR,12,Percy Harvin,Percy Harvin,MIN,12569,extra: Frank 2026-09-10
2011,WR,,Steve Smith Sr.,Steve Smith Sr.,CAR,2622,extra: Frank 2026-09-10
2011,WR,13,Stevie Johnson,Stevie Johnson,BUF,11458,extra: Frank 2026-09-10
2011,WR,80,Victor Cruz (American football),Victor Cruz,NYG,13553,extra: Frank 2026-09-10
2012,QB,12,Aaron Rodgers,Aaron Rodgers,GB,8439,extra: Frank 2026-09-10
2012,QB,14,Andy Dalton,Andy Dalton,CIN,14012,extra: Frank 2026-09-10
2012,QB,1,Cam Newton,Cam Newton,CAR,13994,extra: Frank 2026-09-10
2012,QB,3,Carson Palmer,Carson Palmer,LV,4459,extra: Frank 2026-09-10
2012,QB,5,Joe Flacco,Joe Flacco,BAL,11252,extra: Frank 2026-09-10
2012,QB,5,Josh Freeman,Josh Freeman,TB,12473,extra: Frank 2026-09-10
2012,QB,9,Matthew Stafford,Matthew Stafford,DET,12483,extra: Frank 2026-09-10
2012,QB,,Tony Romo,Tony Romo,DAL,5209,extra: Frank 2026-09-10
2012,RB,44,Ahmad Bradshaw,Ahmad Bradshaw,NYG,10693,extra: Frank 2026-09-10
2012,RB,46,Alfred Morris (American football),Alfred Morris,WSH,15009,extra: Frank 2026-09-10
2012,RB,,Chris Johnson (running back),Chris Johnson,TEN,11258,extra: Frank 2026-09-10
2012,RB,22,Matt Forte,Matt Forte,CHI,11278,extra: Frank 2026-09-10
2012,RB,22,Reggie Bush,Reggie Bush,MIA,9588,extra: Frank 2026-09-10
2012,RB,22,Stevan Ridley,Stevan Ridley,NE,14028,extra: Frank 2026-09-10
2012,RB,39,Steven Jackson,Steven Jackson,LAR,5549,extra: Frank 2026-09-10
2012,RB,33,Trent Richardson,Trent Richardson,CLE,14884,extra: Frank 2026-09-10
2012,TE,83,Brandon Myers,Brandon Myers,LV,12705,extra: Frank 2026-09-10
2012,TE,88,Greg Olsen (American football),Greg Olsen,CAR,10475,extra: Frank 2026-09-10
2012,TE,80,Jimmy Graham,Jimmy Graham,NO,13232,extra: Frank 2026-09-10
2012,WR,84,Cecil Shorts,Cecil Shorts III,JAX,14184,extra: Frank 2026-09-10
2012,WR,,Dez Bryant,Dez Bryant,DAL,13215,extra: Frank 2026-09-10
2012,WR,87,Eric Decker,Eric Decker,DEN,13271,extra: Frank 2026-09-10
2012,WR,16,Lance Moore,Lance Moore,NO,9400,extra: Frank 2026-09-10
2012,WR,12,Marques Colston,Marques Colston,NO,9838,extra: Frank 2026-09-10
2012,WR,15,Michael Crabtree,Michael Crabtree,SF,12563,extra: Frank 2026-09-10
2012,WR,19,,Mike Williams,TB,13489,extra: Frank 2026-09-10; no Wikipedia article verified
2012,WR,18,Randall Cobb (American football),Randall Cobb,GB,14053,extra: Frank 2026-09-10
2012,WR,84,Roddy White,Roddy White,ATL,8442,extra: Frank 2026-09-10
2012,WR,,Steve Smith Sr.,Steve Smith Sr.,CAR,2622,extra: Frank 2026-09-10
2012,WR,13,Stevie Johnson,Stevie Johnson,BUF,11458,extra: Frank 2026-09-10
2013,QB,14,Andy Dalton,Andy Dalton,CIN,14012,extra: Frank 2026-09-10
2013,QB,7,Ben Roethlisberger,Ben Roethlisberger,PIT,5536,extra: Frank 2026-09-10
2013,QB,3,Carson Palmer,Carson Palmer,ARI,4459,extra: Frank 2026-09-10
2013,QB,10,Eli Manning,Eli Manning,NYG,5526,extra: Frank 2026-09-10
2013,QB,5,Joe Flacco,Joe Flacco,BAL,11252,extra: Frank 2026-09-10
2013,QB,2,Matt Ryan (American football),Matt Ryan,ATL,11237,extra: Frank 2026-09-10
2013,QB,9,Matthew Stafford,Matthew Stafford,DET,12483,extra: Frank 2026-09-10
2013,QB,17,Ryan Tannehill,Ryan Tannehill,MIA,14876,extra: Frank 2026-09-10
2013,QB,9,Tony Romo,Tony Romo,DAL,5209,extra: Frank 2026-09-10
2013,RB,46,Alfred Morris (American football),Alfred Morris,WSH,15009,extra: Frank 2026-09-10
2013,RB,28,Chris Johnson (running back),Chris Johnson,TEN,11258,extra: Frank 2026-09-10
2013,RB,22,Fred Jackson (running back),Fred Jackson,BUF,10195,extra: Frank 2026-09-10
2013,RB,25,Giovani Bernard,Giovani Bernard,CIN,15826,extra: Frank 2026-09-10
2013,RB,27,Knowshon Moreno,Knowshon Moreno,DEN,12516,extra: Frank 2026-09-10
2013,RB,26,Le'Veon Bell,Le'Veon Bell,PIT,15825,extra: Frank 2026-09-10
2013,RB,21,Reggie Bush,Reggie Bush,DET,9588,extra: Frank 2026-09-10
2013,RB,24,Ryan Mathews (American football),Ryan Mathews,LAC,13204,extra: Frank 2026-09-10
2013,TE,85,Antonio Gates,Antonio Gates,LAC,5362,extra: Frank 2026-09-10
2013,TE,88,Greg Olsen (American football),Greg Olsen,CAR,10475,extra: Frank 2026-09-10
2013,TE,88,Tony Gonzalez,Tony Gonzalez,ATL,1231,extra: Frank 2026-09-10
2013,WR,81,Anquan Boldin,Anquan Boldin,SF,4512,extra: Frank 2026-09-10
2013,WR,84,Antonio Brown,Antonio Brown,PIT,13934,extra: Frank 2026-09-10
2013,WR,87,Eric Decker,Eric Decker,DEN,13271,extra: Frank 2026-09-10
2013,WR,87,Jordy Nelson,Jordy Nelson,GB,11270,extra: Frank 2026-09-10
2013,WR,11,Julian Edelman,Julian Edelman,NE,12649,extra: Frank 2026-09-10
2013,WR,13,Keenan Allen,Keenan Allen,LAC,15818,extra: Frank 2026-09-10
2013,WR,13,Kendall Wright,Kendall Wright,TEN,14909,extra: Frank 2026-09-10
2013,WR,15,Michael Floyd,Michael Floyd,ARI,14908,extra: Frank 2026-09-10
2013,WR,88,Pierre Garçon,Pierre Garcon,WSH,11439,extra: Frank 2026-09-10
2013,WR,13,T. Y. Hilton,T.Y. Hilton,IND,14924,extra: Frank 2026-09-10
2013,WR,82,Torrey Smith,Torrey Smith,BAL,14032,extra: Frank 2026-09-10
2013,WR,83,Vincent Jackson,Vincent Jackson,TB,8475,extra: Frank 2026-09-10
2014,QB,11,Alex Smith,Alex Smith,KC,8416,extra: Frank 2026-09-10
2014,QB,7,Colin Kaepernick,Colin Kaepernick,SF,14001,extra: Frank 2026-09-10
2014,QB,4,Derek Carr,Derek Carr,LV,16757,extra: Frank 2026-09-10
2014,QB,10,Eli Manning,Eli Manning,NYG,5526,extra: Frank 2026-09-10
2014,QB,6,Jay Cutler,Jay Cutler,CHI,9597,extra: Frank 2026-09-10
2014,QB,2,Matt Ryan (American football),Matt Ryan,ATL,11237,extra: Frank 2026-09-10
2014,QB,17,Philip Rivers,Philip Rivers,LAC,5529,extra: Frank 2026-09-10
2014,QB,17,Ryan Tannehill,Ryan Tannehill,MIA,14876,extra: Frank 2026-09-10
2014,RB,46,Alfred Morris (American football),Alfred Morris,WSH,15009,extra: Frank 2026-09-10
2014,RB,27,Eddie Lacy,Eddie Lacy,GB,15848,extra: Frank 2026-09-10
2014,RB,21,Frank Gore,Frank Gore,SF,8479,extra: Frank 2026-09-10
2014,RB,25,Giovani Bernard,Giovani Bernard,CIN,15826,extra: Frank 2026-09-10
2014,RB,32,Jeremy Hill,Jeremy Hill,CIN,16803,extra: Frank 2026-09-10
2014,RB,35,Joique Bell,Joique Bell,DET,13536,extra: Frank 2026-09-10
2014,RB,26,Lamar Miller,Lamar Miller,MIA,14886,extra: Frank 2026-09-10
2014,RB,22,Matt Forte,Matt Forte,CHI,11278,extra: Frank 2026-09-10
2014,TE,85,Antonio Gates,Antonio Gates,LAC,5362,extra: Frank 2026-09-10
2014,TE,88,Greg Olsen (American football),Greg Olsen,CAR,10475,extra: Frank 2026-09-10
2014,TE,81,Jordan Matthews,Jordan Matthews,PHI,16763,extra: Frank 2026-09-10
2014,WR,17,Alshon Jeffery,Alshon Jeffery,CHI,14912,extra: Frank 2026-09-10
2014,WR,81,Anquan Boldin,Anquan Boldin,SF,4512,extra: Frank 2026-09-10
2014,WR,84,Antonio Brown,Antonio Brown,PIT,13934,extra: Frank 2026-09-10
2014,WR,19,Brandon LaFell,Brandon LaFell,NE,12576,extra: Frank 2026-09-10
2014,WR,10,DeAndre Hopkins,DeAndre Hopkins,HOU,15795,extra: Frank 2026-09-10
2014,WR,11,DeSean Jackson,DeSean Jackson,WSH,11283,extra: Frank 2026-09-10
2014,WR,13,Kelvin Benjamin,Kelvin Benjamin,CAR,16730,extra: Frank 2026-09-10
2014,WR,13,Mike Evans (wide receiver),Mike Evans,TB,16737,extra: Frank 2026-09-10
2014,WR,18,Randall Cobb (American football),Randall Cobb,GB,14053,extra: Frank 2026-09-10
2014,WR,14,Sammy Watkins,Sammy Watkins,BUF,16725,extra: Frank 2026-09-10
2014,WR,89,Steve Smith Sr.,Steve Smith Sr.,BAL,2622,extra: Frank 2026-09-10
2015,QB,5,Blake Bortles,Blake Bortles,JAX,16724,extra: Frank 2026-09-10
2015,QB,4,Derek Carr,Derek Carr,LV,16757,extra: Frank 2026-09-10
2015,QB,9,Drew Brees,Drew Brees,NO,2580,extra: Frank 2026-09-10
2015,QB,8,Kirk Cousins,Kirk Cousins,WSH,14880,extra: Frank 2026-09-10
2015,QB,2,Matt Ryan (American football),Matt Ryan,ATL,11237,extra: Frank 2026-09-10
2015,QB,9,Matthew Stafford,Matthew Stafford,DET,12483,extra: Frank 2026-09-10
2015,QB,17,Philip Rivers,Philip Rivers,LAC,5529,extra: Frank 2026-09-10
2015,QB,17,Ryan Tannehill,Ryan Tannehill,MIA,14876,extra: Frank 2026-09-10
2015,RB,39,Danny Woodhead,Danny Woodhead,LAC,11788,extra: Frank 2026-09-10
2015,RB,20,Darren McFadden,Darren McFadden,DAL,11238,extra: Frank 2026-09-10
2015,RB,34,DeAngelo Williams,DeAngelo Williams,PIT,9613,extra: Frank 2026-09-10
2015,RB,22,Doug Martin (running back),Doug Martin,TB,14885,extra: Frank 2026-09-10
2015,RB,23,Frank Gore,Frank Gore,IND,8479,extra: Frank 2026-09-10
2015,RB,26,Lamar Miller,Lamar Miller,MIA,14886,extra: Frank 2026-09-10
2015,RB,22,Mark Ingram II,Mark Ingram II,NO,13981,extra: Frank 2026-09-10
2015,RB,22,Matt Forte,Matt Forte,CHI,11278,extra: Frank 2026-09-10
2015,TE,88,Greg Olsen (American football),Greg Olsen,CAR,10475,extra: Frank 2026-09-10
2015,TE,81,Jordan Matthews,Jordan Matthews,PHI,16763,extra: Frank 2026-09-10
2015,TE,86,Jordan Reed,Jordan Reed,WSH,15860,extra: Frank 2026-09-10
2015,WR,88,,Allen Hurns,JAX,17177,extra: Frank 2026-09-10; no Wikipedia article verified
2015,WR,10,Brandin Cooks,Brandin Cooks,NO,16731,extra: Frank 2026-09-10
2015,WR,88,Demaryius Thomas,Demaryius Thomas,DEN,13216,extra: Frank 2026-09-10
2015,WR,89,Doug Baldwin,Doug Baldwin,SEA,14221,extra: Frank 2026-09-10
2015,WR,10,Emmanuel Sanders,Emmanuel Sanders,DEN,13295,extra: Frank 2026-09-10
2015,WR,87,Eric Decker,Eric Decker,NYJ,13271,extra: Frank 2026-09-10
2015,WR,19,Jeremy Maclin,Jeremy Maclin,KC,12579,extra: Frank 2026-09-10
2015,WR,12,John Brown (wide receiver),John Brown,ARI,16804,extra: Frank 2026-09-10
2015,WR,15,Michael Crabtree,Michael Crabtree,LV,12563,extra: Frank 2026-09-10
2015,WR,13,Mike Evans (wide receiver),Mike Evans,TB,16737,extra: Frank 2026-09-10
2015,WR,14,Sammy Watkins,Sammy Watkins,BUF,16725,extra: Frank 2026-09-10
2015,WR,11,Travis Benjamin,Travis Benjamin,CLE,15062,extra: Frank 2026-09-10
2016,QB,12,Andrew Luck,Andrew Luck,IND,14874,extra: Frank 2026-09-10
2016,QB,5,Blake Bortles,Blake Bortles,JAX,16724,extra: Frank 2026-09-10
2016,QB,3,Carson Palmer,Carson Palmer,ARI,4459,extra: Frank 2026-09-10
2016,QB,10,Eli Manning,Eli Manning,NYG,5526,extra: Frank 2026-09-10
2016,QB,3,Jameis Winston,Jameis Winston,TB,2969939,extra: Frank 2026-09-10
2016,QB,5,Joe Flacco,Joe Flacco,BAL,11252,extra: Frank 2026-09-10
2016,QB,9,Matthew Stafford,Matthew Stafford,DET,12483,extra: Frank 2026-09-10
2016,QB,3,Russell Wilson,Russell Wilson,SEA,14881,extra: Frank 2026-09-10
2016,QB,8,Sam Bradford,Sam Bradford,MIN,13197,extra: Frank 2026-09-10
2016,RB,28,Carlos Hyde,Carlos Hyde,SF,16777,extra: Frank 2026-09-10
2016,RB,23,Frank Gore,Frank Gore,IND,8479,extra: Frank 2026-09-10
2016,RB,34,Isaiah Crowell,Isaiah Crowell,CLE,17133,extra: Frank 2026-09-10
2016,RB,26,Lamar Miller,Lamar Miller,HOU,14886,extra: Frank 2026-09-10
2016,RB,29,LeGarrette Blount,LeGarrette Blount,NE,13213,extra: Frank 2026-09-10
2016,RB,22,Mark Ingram II,Mark Ingram II,NO,13981,extra: Frank 2026-09-10
2016,RB,32,Spencer Ware,Spencer Ware,KC,16020,extra: Frank 2026-09-10
2016,RB,30,Todd Gurley,Todd Gurley,LAR,2977644,extra: Frank 2026-09-10
2016,TE,81,Jordan Matthews,Jordan Matthews,PHI,16763,extra: Frank 2026-09-10
2016,TE,82,Kyle Rudolph,Kyle Rudolph,MIN,14054,extra: Frank 2026-09-10
2016,WR,10,Brandin Cooks,Brandin Cooks,NO,16731,extra: Frank 2026-09-10
2016,WR,17,Davante Adams,Davante Adams,GB,16800,extra: Frank 2026-09-10
2016,WR,15,Golden Tate,Golden Tate,DET,13217,extra: Frank 2026-09-10
2016,WR,87,Jordy Nelson,Jordy Nelson,GB,11270,extra: Frank 2026-09-10
2016,WR,11,Julian Edelman,Julian Edelman,NE,12649,extra: Frank 2026-09-10
2016,WR,18,Kenny Britt,Kenny Britt,LAR,12556,extra: Frank 2026-09-10
2016,WR,15,Michael Crabtree,Michael Crabtree,LV,12563,extra: Frank 2026-09-10
2016,WR,13,"Michael Thomas (wide receiver, born 1993)",Michael Thomas,NO,2976316,extra: Frank 2026-09-10
2016,WR,88,Pierre Garçon,Pierre Garcon,WSH,11439,extra: Frank 2026-09-10
2016,WR,18,Rishard Matthews,Rishard Matthews,TEN,15102,extra: Frank 2026-09-10
2016,WR,16,Tyrell Williams,Tyrell Williams,LAC,2587819,extra: Frank 2026-09-10
2017,QB,14,Andy Dalton,Andy Dalton,CIN,14012,extra: Frank 2026-09-10
2017,QB,5,Blake Bortles,Blake Bortles,JAX,16724,extra: Frank 2026-09-10
2017,QB,7,Case Keenum,Case Keenum,MIN,15168,extra: Frank 2026-09-10
2017,QB,10,Eli Manning,Eli Manning,NYG,5526,extra: Frank 2026-09-10
2017,QB,3,Jameis Winston,Jameis Winston,TB,2969939,extra: Frank 2026-09-10
2017,QB,8,Kirk Cousins,Kirk Cousins,WSH,14880,extra: Frank 2026-09-10
2017,QB,2,Matt Ryan (American football),Matt Ryan,ATL,11237,extra: Frank 2026-09-10
2017,QB,9,Matthew Stafford,Matthew Stafford,DET,12483,extra: Frank 2026-09-10
2017,RB,22,C. J. Anderson,C.J. Anderson,DEN,16040,extra: Frank 2026-09-10
2017,RB,28,Carlos Hyde,Carlos Hyde,SF,16777,extra: Frank 2026-09-10
2017,RB,24,Devonta Freeman,Devonta Freeman,ATL,16944,extra: Frank 2026-09-10
2017,RB,21,Ezekiel Elliott,Ezekiel Elliott,DAL,3051392,extra: Frank 2026-09-10
2017,RB,24,Jordan Howard,Jordan Howard,CHI,3060022,extra: Frank 2026-09-10
2017,RB,26,Lamar Miller,Lamar Miller,HOU,14886,extra: Frank 2026-09-10
2017,RB,27,Leonard Fournette,Leonard Fournette,JAX,3115364,extra: Frank 2026-09-10
2017,RB,28,Melvin Gordon,Melvin Gordon III,LAC,2576434,extra: Frank 2026-09-10
2017,TE,17,Devin Funchess,Devin Funchess,CAR,2977609,extra: Frank 2026-09-10
2017,TE,88,Evan Engram,Evan Engram,NYG,3051876,extra: Frank 2026-09-10
2017,TE,87,Jared Cook,Jared Cook,LV,12537,extra: Frank 2026-09-10
2017,WR,14,Brandin Cooks,Brandin Cooks,NE,16731,extra: Frank 2026-09-10
2017,WR,18,Cooper Kupp,Cooper Kupp,LAR,2977187,extra: Frank 2026-09-10
2017,WR,88,Demaryius Thomas,Demaryius Thomas,DEN,13216,extra: Frank 2026-09-10
2017,WR,15,Golden Tate,Golden Tate,DET,13217,extra: Frank 2026-09-10
2017,WR,19,JuJu Smith-Schuster,JuJu Smith-Schuster,PIT,3120348,extra: Frank 2026-09-10
2017,WR,11,Marquise Goodwin,Marquise Goodwin,SF,15839,extra: Frank 2026-09-10
2017,WR,11,Marvin Jones (wide receiver),Marvin Jones Jr.,DET,15072,extra: Frank 2026-09-10
2017,WR,13,Mike Evans (wide receiver),Mike Evans,TB,16737,extra: Frank 2026-09-10
2017,WR,11,Robbie Chosen,Robbie Chosen,NYJ,2574808,extra: Frank 2026-09-10
2017,WR,14,Stefon Diggs,Stefon Diggs,MIN,2976212,extra: Frank 2026-09-10
2017,WR,10,Tyreek Hill,Tyreek Hill,KC,3116406,extra: Frank 2026-09-10
2018,QB,6,Baker Mayfield,Baker Mayfield,CLE,3052587,extra: Frank 2026-09-10
2018,QB,7,Ben Roethlisberger,Ben Roethlisberger,PIT,5536,extra: Frank 2026-09-10
2018,QB,1,Cam Newton,Cam Newton,CAR,13994,extra: Frank 2026-09-10
2018,QB,11,Carson Wentz,Carson Wentz,PHI,2573079,extra: Frank 2026-09-10
2018,QB,4,Case Keenum,Case Keenum,DEN,15168,extra: Frank 2026-09-10
2018,QB,4,Derek Carr,Derek Carr,LV,16757,extra: Frank 2026-09-10
2018,QB,10,Eli Manning,Eli Manning,NYG,5526,extra: Frank 2026-09-10
2018,QB,3,Jameis Winston,Jameis Winston,TB,2969939,extra: Frank 2026-09-10
2018,QB,8,Kirk Cousins,Kirk Cousins,MIN,14880,extra: Frank 2026-09-10
2018,QB,2,Matt Ryan (American football),Matt Ryan,ATL,11237,extra: Frank 2026-09-10
2018,QB,9,Matthew Stafford,Matthew Stafford,DET,12483,extra: Frank 2026-09-10
2018,RB,26,Adrian Peterson,Adrian Peterson,WSH,10452,extra: Frank 2026-09-10
2018,RB,32,Chris Carson,Chris Carson,SEA,3919596,extra: Frank 2026-09-10
2018,RB,22,Christian McCaffrey,Christian McCaffrey,CAR,3117251,extra: Frank 2026-09-10
2018,RB,31,David Johnson (running back),David Johnson,ARI,2508176,extra: Frank 2026-09-10
2018,RB,22,Derrick Henry,Derrick Henry,TEN,3043078,extra: Frank 2026-09-10
2018,RB,28,Joe Mixon,Joe Mixon,CIN,3116385,extra: Frank 2026-09-10
2018,RB,27,Kareem Hunt,Kareem Hunt,KC,3059915,extra: Frank 2026-09-10
2018,RB,24,Nick Chubb,Nick Chubb,CLE,3128720,extra: Frank 2026-09-10
2018,WR,12,Brandin Cooks,Brandin Cooks,LAR,16731,extra: Frank 2026-09-10
2018,WR,18,Calvin Ridley,Calvin Ridley,ATL,3925357,extra: Frank 2026-09-10
2018,WR,12,Chris Godwin,Chris Godwin Jr.,TB,3116165,extra: Frank 2026-09-10
2018,WR,84,Corey Davis (wide receiver),Corey Davis,TEN,3042778,extra: Frank 2026-09-10
2018,WR,19,Kenny Golladay,Kenny Golladay,DET,2974858,extra: Frank 2026-09-10
2018,WR,13,Odell Beckham Jr.,Odell Beckham Jr.,NYG,16733,extra: Frank 2026-09-10
2018,WR,17,"Robert Woods (wide receiver, born 1992)",Robert Woods,LAR,15880,extra: Frank 2026-09-10
2018,WR,14,Stefon Diggs,Stefon Diggs,MIN,2976212,extra: Frank 2026-09-10
2018,WR,13,T. Y. Hilton,T.Y. Hilton,IND,14924,extra: Frank 2026-09-10
2018,WR,83,Tyler Boyd (American football),Tyler Boyd,CIN,3045144,extra: Frank 2026-09-10
2018,WR,16,Tyler Lockett,Tyler Lockett,SEA,2577327,extra: Frank 2026-09-10
2019,QB,11,Carson Wentz,Carson Wentz,PHI,2573079,extra: Frank 2026-09-10
2019,QB,4,Dak Prescott,Dak Prescott,DAL,2577417,extra: Frank 2026-09-10
2019,QB,4,Derek Carr,Derek Carr,LV,16757,extra: Frank 2026-09-10
2019,QB,3,Jameis Winston,Jameis Winston,TB,2969939,extra: Frank 2026-09-10
2019,QB,16,Jared Goff,Jared Goff,LAR,3046779,extra: Frank 2026-09-10
2019,QB,10,Jimmy Garoppolo,Jimmy Garoppolo,SF,16760,extra: Frank 2026-09-10
2019,QB,2,Matt Ryan (American football),Matt Ryan,ATL,11237,extra: Frank 2026-09-10
2019,QB,17,Philip Rivers,Philip Rivers,LAC,5529,extra: Frank 2026-09-10
2019,QB,12,Tom Brady,Tom Brady,NE,2330,extra: Frank 2026-09-10
2019,RB,33,Aaron Jones (running back),Aaron Jones Sr.,GB,3042519,extra: Frank 2026-09-10
2019,RB,30,Austin Ekeler,Austin Ekeler,LAC,3068267,extra: Frank 2026-09-10
2019,RB,32,Chris Carson,Chris Carson,SEA,3919596,extra: Frank 2026-09-10
2019,RB,28,Joe Mixon,Joe Mixon,CIN,3116385,extra: Frank 2026-09-10
2019,RB,28,Josh Jacobs,Josh Jacobs,LV,4047365,extra: Frank 2026-09-10
2019,RB,27,Leonard Fournette,Leonard Fournette,JAX,3115364,extra: Frank 2026-09-10
2019,RB,26,Miles Sanders,Miles Sanders,PHI,4045163,extra: Frank 2026-09-10
2019,RB,26,Saquon Barkley,Saquon Barkley,NYG,3929630,extra: Frank 2026-09-10
2019,TE,83,Darren Waller,Darren Waller,LV,2576925,extra: Frank 2026-09-10
2019,TE,89,Tyler Higbee,Tyler Higbee,LAR,2573401,extra: Frank 2026-09-10
2019,WR,11,A. J. Brown,A.J. Brown,TEN,4047646,extra: Frank 2026-09-10
2019,WR,12,Allen Robinson,Allen Robinson,CHI,16799,extra: Frank 2026-09-10
2019,WR,18,Cooper Kupp,Cooper Kupp,LAR,2977187,extra: Frank 2026-09-10
2019,WR,11,DeVante Parker,DeVante Parker,MIA,2576623,extra: Frank 2026-09-10
2019,WR,12,D. J. Moore,DJ Moore,CAR,3915416,extra: Frank 2026-09-10
2019,WR,15,John Brown (wide receiver),John Brown,BUF,16804,extra: Frank 2026-09-10
2019,WR,11,Julian Edelman,Julian Edelman,NE,12649,extra: Frank 2026-09-10
2019,WR,13,Michael Gallup,Michael Gallup,DAL,4036348,extra: Frank 2026-09-10
2019,WR,17,"Robert Woods (wide receiver, born 1992)",Robert Woods,LAR,15880,extra: Frank 2026-09-10
2019,WR,14,Stefon Diggs,Stefon Diggs,MIN,2976212,extra: Frank 2026-09-10
2019,WR,16,Tyler Lockett,Tyler Lockett,SEA,2577327,extra: Frank 2026-09-10
2020,QB,6,Baker Mayfield,Baker Mayfield,CLE,3052587,extra: Frank 2026-09-10
2020,QB,7,Ben Roethlisberger,Ben Roethlisberger,PIT,5536,extra: Frank 2026-09-10
2020,QB,4,Derek Carr,Derek Carr,LV,16757,extra: Frank 2026-09-10
2020,QB,9,Drew Brees,Drew Brees,NO,2580,extra: Frank 2026-09-10
2020,QB,16,Jared Goff,Jared Goff,LAR,3046779,extra: Frank 2026-09-10
2020,QB,10,Justin Herbert,Justin Herbert,LAC,4038941,extra: Frank 2026-09-10
2020,QB,8,Kirk Cousins,Kirk Cousins,MIN,14880,extra: Frank 2026-09-10
2020,QB,8,Lamar Jackson,Lamar Jackson,BAL,3916387,extra: Frank 2026-09-10
2020,QB,2,Matt Ryan (American football),Matt Ryan,ATL,11237,extra: Frank 2026-09-10
2020,QB,9,Matthew Stafford,Matthew Stafford,DET,12483,extra: Frank 2026-09-10
2020,QB,17,Philip Rivers,Philip Rivers,IND,5529,extra: Frank 2026-09-10
2020,QB,17,Ryan Tannehill,Ryan Tannehill,TEN,14876,extra: Frank 2026-09-10
2020,QB,5,Teddy Bridgewater,Teddy Bridgewater,CAR,16728,extra: Frank 2026-09-10
2020,QB,12,Tom Brady,Tom Brady,TB,2330,extra: Frank 2026-09-10
2020,RB,24,Antonio Gibson,Antonio Gibson,WSH,4360294,extra: Frank 2026-09-10
2020,RB,25,Clyde Edwards-Helaire,Clyde Edwards-Helaire,KC,4242214,extra: Frank 2026-09-10
2020,RB,32,David Montgomery (American football),David Montgomery,CHI,4035538,extra: Frank 2026-09-10
2020,RB,21,Ezekiel Elliott,Ezekiel Elliott,DAL,3051392,extra: Frank 2026-09-10
2020,RB,30,James Robinson (running back),James Robinson,JAX,4052042,extra: Frank 2026-09-10
2020,RB,28,Jonathan Taylor,Jonathan Taylor,IND,4242335,extra: Frank 2026-09-10
2020,RB,27,Kareem Hunt,Kareem Hunt,CLE,3059915,extra: Frank 2026-09-10
2020,RB,41,Kenyan Drake,Kenyan Drake,ARI,2979843,extra: Frank 2026-09-10
2020,RB,25,Melvin Gordon,Melvin Gordon III,DEN,2576434,extra: Frank 2026-09-10
2020,RB,26,Miles Sanders,Miles Sanders,PHI,4045163,extra: Frank 2026-09-10
2020,RB,27,Ronald Jones II,Ronald Jones,TB,3912550,extra: Frank 2026-09-10
2020,TE,89,Mark Andrews (American football),Mark Andrews,BAL,3116365,extra: Frank 2026-09-10
2020,WR,19,Adam Thielen,Adam Thielen,MIN,16460,extra: Frank 2026-09-10
2020,WR,12,Allen Robinson,Allen Robinson,CHI,16799,extra: Frank 2026-09-10
2020,WR,19,Amari Cooper,Amari Cooper,DAL,2976499,extra: Frank 2026-09-10
2020,WR,13,Brandin Cooks,Brandin Cooks,HOU,16731,extra: Frank 2026-09-10
2020,WR,18,Calvin Ridley,Calvin Ridley,ATL,3925357,extra: Frank 2026-09-10
2020,WR,84,Corey Davis (wide receiver),Corey Davis,TEN,3042778,extra: Frank 2026-09-10
2020,WR,18,Diontae Johnson,Diontae Johnson,PIT,3932905,extra: Frank 2026-09-10
2020,WR,12,D. J. Moore,DJ Moore,CAR,3915416,extra: Frank 2026-09-10
2020,WR,11,Marvin Jones (wide receiver),Marvin Jones Jr.,DET,15072,extra: Frank 2026-09-10
2020,WR,13,Mike Evans (wide receiver),Mike Evans,TB,16737,extra: Frank 2026-09-10
2020,WR,15,Nelson Agholor,Nelson Agholor,LV,2971618,extra: Frank 2026-09-10
2020,WR,11,Robbie Chosen,Robbie Chosen,CAR,2574808,extra: Frank 2026-09-10
2020,WR,17,"Robert Woods (wide receiver, born 1992)",Robert Woods,LAR,15880,extra: Frank 2026-09-10
2020,WR,17,Terry McLaurin,Terry McLaurin,WSH,3121422,extra: Frank 2026-09-10
2020,WR,16,Tyler Lockett,Tyler Lockett,SEA,2577327,extra: Frank 2026-09-10
2021,QB,7,Ben Roethlisberger,Ben Roethlisberger,PIT,5536,extra: Frank 2026-09-10
2021,QB,4,Dak Prescott,Dak Prescott,DAL,2577417,extra: Frank 2026-09-10
2021,QB,4,Derek Carr,Derek Carr,LV,16757,extra: Frank 2026-09-10
2021,QB,10,Jimmy Garoppolo,Jimmy Garoppolo,SF,16760,extra: Frank 2026-09-10
2021,QB,9,Joe Burrow,Joe Burrow,CIN,3915511,extra: Frank 2026-09-10
2021,QB,17,Josh Allen,Josh Allen,BUF,3918298,extra: Frank 2026-09-10
2021,QB,2,Matt Ryan (American football),Matt Ryan,ATL,11237,extra: Frank 2026-09-10
2021,QB,9,Matthew Stafford,Matthew Stafford,LAR,12483,extra: Frank 2026-09-10
2021,QB,17,Ryan Tannehill,Ryan Tannehill,TEN,14876,extra: Frank 2026-09-10
2021,RB,33,Aaron Jones (running back),Aaron Jones Sr.,GB,3042519,extra: Frank 2026-09-10
2021,RB,24,Antonio Gibson,Antonio Gibson,WSH,4360294,extra: Frank 2026-09-10
2021,RB,30,Austin Ekeler,Austin Ekeler,LAC,3068267,extra: Frank 2026-09-10
2021,RB,84,Cordarrelle Patterson,Cordarrelle Patterson,ATL,15807,extra: Frank 2026-09-10
2021,RB,37,Damien Harris,Damien Harris,NE,3925347,extra: Frank 2026-09-10
2021,RB,21,Ezekiel Elliott,Ezekiel Elliott,DAL,3051392,extra: Frank 2026-09-10
2021,RB,33,Javonte Williams,Javonte Williams,DEN,4361579,extra: Frank 2026-09-10
2021,RB,28,Josh Jacobs,Josh Jacobs,LV,4047365,extra: Frank 2026-09-10
2021,RB,7,Leonard Fournette,Leonard Fournette,TB,3115364,extra: Frank 2026-09-10
2021,TE,88,Dallas Goedert,Dallas Goedert,PHI,3121023,extra: Frank 2026-09-10
2021,TE,86,Dalton Schultz,Dalton Schultz,DAL,3117256,extra: Frank 2026-09-10
2021,TE,88,Mike Gesicki,Mike Gesicki,MIA,3116164,extra: Frank 2026-09-10
2021,WR,13,Brandin Cooks,Brandin Cooks,HOU,16731,extra: Frank 2026-09-10
2021,WR,14,Chris Godwin,Chris Godwin Jr.,TB,3116165,extra: Frank 2026-09-10
2021,WR,11,Darnell Mooney,Darnell Mooney,CHI,4040655,extra: Frank 2026-09-10
2021,WR,2,D. J. Moore,DJ Moore,CAR,3915416,extra: Frank 2026-09-10
2021,WR,14,DK Metcalf,DK Metcalf,SEA,4047650,extra: Frank 2026-09-10
2021,WR,5,,Hollywood Brown,BAL,4241372,extra: Frank 2026-09-10; no Wikipedia article verified
2021,WR,17,Jaylen Waddle,Jaylen Waddle,MIA,4372016,extra: Frank 2026-09-10
2021,WR,11,Michael Pittman Jr.,Michael Pittman Jr.,IND,4035687,extra: Frank 2026-09-10
2021,WR,81,"Mike Williams (wide receiver, born 1994)",Mike Williams,LAC,3045138,extra: Frank 2026-09-10
2021,WR,85,Tee Higgins,Tee Higgins,CIN,4239993,extra: Frank 2026-09-10
2021,WR,17,Terry McLaurin,Terry McLaurin,WSH,3121422,extra: Frank 2026-09-10
2021,WR,16,Tyler Lockett,Tyler Lockett,SEA,2577327,extra: Frank 2026-09-10
2022,QB,12,Aaron Rodgers,Aaron Rodgers,GB,8439,extra: Frank 2026-09-10
2022,QB,4,Dak Prescott,Dak Prescott,DAL,2577417,extra: Frank 2026-09-10
2022,QB,8,Daniel Jones (American football),Daniel Jones,NYG,3917792,extra: Frank 2026-09-10
2022,QB,10,Davis Mills,Davis Mills,HOU,4242546,extra: Frank 2026-09-10
2022,QB,10,Justin Herbert,Justin Herbert,LAC,4038941,extra: Frank 2026-09-10
2022,QB,10,Mac Jones,Mac Jones,NE,4241464,extra: Frank 2026-09-10
2022,QB,2,Matt Ryan (American football),Matt Ryan,IND,11237,extra: Frank 2026-09-10
2022,QB,3,Russell Wilson,Russell Wilson,DEN,14881,extra: Frank 2026-09-10
2022,QB,12,Tom Brady,Tom Brady,TB,2330,extra: Frank 2026-09-10
2022,QB,1,Tua Tagovailoa,Tua Tagovailoa,MIA,4241479,extra: Frank 2026-09-10
2022,RB,33,Aaron Jones (running back),Aaron Jones Sr.,GB,3042519,extra: Frank 2026-09-10
2022,RB,41,Alvin Kamara,Alvin Kamara,NO,3054850,extra: Frank 2026-09-10
2022,RB,30,Austin Ekeler,Austin Ekeler,LAC,3068267,extra: Frank 2026-09-10
2022,RB,30,Jamaal Williams,Jamaal Williams,DET,2980453,extra: Frank 2026-09-10
2022,RB,28,Joe Mixon,Joe Mixon,CIN,3116385,extra: Frank 2026-09-10
2022,RB,9,Kenneth Walker III,Kenneth Walker III,SEA,4567048,extra: Frank 2026-09-10
2022,RB,22,Najee Harris,Najee Harris,PIT,4241457,extra: Frank 2026-09-10
2022,RB,38,Rhamondre Stevenson,Rhamondre Stevenson,NE,4569173,extra: Frank 2026-09-10
2022,RB,1,Travis Etienne,Travis Etienne Jr.,JAX,4239996,extra: Frank 2026-09-10
2022,TE,17,Evan Engram,Evan Engram,JAX,3051876,extra: Frank 2026-09-10
2022,TE,88,Pat Freiermuth,Pat Freiermuth,PIT,4361411,extra: Frank 2026-09-10
2022,WR,2,Amari Cooper,Amari Cooper,CLE,2976499,extra: Frank 2026-09-10
2022,WR,11,Brandon Aiyuk,Brandon Aiyuk,SF,4360438,extra: Frank 2026-09-10
2022,WR,12,Chris Olave,Chris Olave,NO,4361370,extra: Frank 2026-09-10
2022,WR,13,Christian Kirk,Christian Kirk,JAX,3895856,extra: Frank 2026-09-10
2022,WR,6,DeVonta Smith,DeVonta Smith,PHI,4241478,extra: Frank 2026-09-10
2022,WR,14,DK Metcalf,DK Metcalf,SEA,4047650,extra: Frank 2026-09-10
2022,WR,17,Garrett Wilson,Garrett Wilson,NYJ,4569618,extra: Frank 2026-09-10
2022,WR,17,Jaylen Waddle,Jaylen Waddle,MIA,4372016,extra: Frank 2026-09-10
2022,WR,10,Jerry Jeudy,Jerry Jeudy,DEN,4241463,extra: Frank 2026-09-10
2022,WR,13,Mike Evans (wide receiver),Mike Evans,TB,16737,extra: Frank 2026-09-10
2022,WR,85,Tee Higgins,Tee Higgins,CIN,4239993,extra: Frank 2026-09-10
2022,WR,16,Tyler Lockett,Tyler Lockett,SEA,2577327,extra: Frank 2026-09-10
2023,QB,4,Derek Carr,Derek Carr,NO,16757,extra: Frank 2026-09-10
2023,QB,16,Jared Goff,Jared Goff,DET,3046779,extra: Frank 2026-09-10
2023,QB,10,Jordan Love,Jordan Love,GB,4036378,extra: Frank 2026-09-10
2023,QB,17,Josh Allen,Josh Allen,BUF,3918298,extra: Frank 2026-09-10
2023,QB,10,Justin Herbert,Justin Herbert,LAC,4038941,extra: Frank 2026-09-10
2023,QB,3,Russell Wilson,Russell Wilson,DEN,14881,extra: Frank 2026-09-10
2023,QB,14,Sam Howell,Sam Howell,WSH,4426875,extra: Frank 2026-09-10
2023,QB,16,Trevor Lawrence,Trevor Lawrence,JAX,4360310,extra: Frank 2026-09-10
2023,RB,7,Bijan Robinson,Bijan Robinson,ATL,4430807,extra: Frank 2026-09-10
2023,RB,20,Breece Hall,Breece Hall,NYJ,4427366,extra: Frank 2026-09-10
2023,RB,5,David Montgomery (American football),David Montgomery,DET,4035538,extra: Frank 2026-09-10
2023,RB,28,Joe Mixon,Joe Mixon,CIN,3116385,extra: Frank 2026-09-10
2023,RB,1,Rachaad White,Rachaad White,TB,4697815,extra: Frank 2026-09-10
2023,RB,26,Saquon Barkley,Saquon Barkley,NYG,3929630,extra: Frank 2026-09-10
2023,RB,20,Tony Pollard,Tony Pollard,DAL,3916148,extra: Frank 2026-09-10
2023,RB,1,Travis Etienne,Travis Etienne Jr.,JAX,4239996,extra: Frank 2026-09-10
2023,TE,85,Cole Kmet,Cole Kmet,CHI,4258595,extra: Frank 2026-09-10
2023,TE,87,T. J. Hockenson,T.J. Hockenson,MIN,4036133,extra: Frank 2026-09-10
2023,TE,85,Trey McBride,Trey McBride,ARI,4361307,extra: Frank 2026-09-10
2023,WR,11,Brandon Aiyuk,Brandon Aiyuk,SF,4360438,extra: Frank 2026-09-10
2023,WR,0,Calvin Ridley,Calvin Ridley,JAX,3925357,extra: Frank 2026-09-10
2023,WR,12,Chris Olave,Chris Olave,NO,4361370,extra: Frank 2026-09-10
2023,WR,17,Davante Adams,Davante Adams,LV,16800,extra: Frank 2026-09-10
2023,WR,10,DeAndre Hopkins,DeAndre Hopkins,TEN,15795,extra: Frank 2026-09-10
2023,WR,6,DeVonta Smith,DeVonta Smith,PHI,4241478,extra: Frank 2026-09-10
2023,WR,2,D. J. Moore,DJ Moore,CHI,3915416,extra: Frank 2026-09-10
2023,WR,14,George Pickens,George Pickens,PIT,4426354,extra: Frank 2026-09-10
2023,WR,18,Justin Jefferson,Justin Jefferson,MIN,4262921,extra: Frank 2026-09-10
2023,WR,11,Michael Pittman Jr.,Michael Pittman Jr.,IND,4035687,extra: Frank 2026-09-10
2023,WR,12,Nico Collins,Nico Collins,HOU,4258173,extra: Frank 2026-09-10
2024,QB,8,Aaron Rodgers,Aaron Rodgers,NYJ,8439,extra: Frank 2026-09-10
2024,QB,10,Bo Nix,Bo Nix,DEN,4426338,extra: Frank 2026-09-10
2024,QB,13,Brock Purdy,Brock Purdy,SF,4361741,extra: Frank 2026-09-10
2024,QB,7,C. J. Stroud,C.J. Stroud,HOU,4432577,extra: Frank 2026-09-10
2024,QB,7,Geno Smith,Geno Smith,SEA,15864,extra: Frank 2026-09-10
2024,QB,10,Justin Herbert,Justin Herbert,LAC,4038941,extra: Frank 2026-09-10
2024,QB,1,Kyler Murray,Kyler Murray,ARI,3917315,extra: Frank 2026-09-10
2024,QB,9,Matthew Stafford,Matthew Stafford,LAR,12483,extra: Frank 2026-09-10
2024,QB,15,Patrick Mahomes,Patrick Mahomes,KC,3139477,extra: Frank 2026-09-10
2024,RB,33,Aaron Jones (running back),Aaron Jones Sr.,MIN,3042519,extra: Frank 2026-09-10
2024,RB,41,Alvin Kamara,Alvin Kamara,NO,3054850,extra: Frank 2026-09-10
2024,RB,7,Bucky Irving,Bucky Irving,TB,4596448,extra: Frank 2026-09-10
2024,RB,30,Chase Brown,Chase Brown,CIN,4362238,extra: Frank 2026-09-10
2024,RB,30,Chuba Hubbard,Chuba Hubbard,CAR,4241416,extra: Frank 2026-09-10
2024,RB,28,De'Von Achane,De'Von Achane,MIA,4429160,extra: Frank 2026-09-10
2024,RB,6,James Conner (American football),James Conner,ARI,3045147,extra: Frank 2026-09-10
2024,RB,23,Kyren Williams,Kyren Williams,LAR,4430737,extra: Frank 2026-09-10
2024,TE,87,Sam LaPorta,Sam LaPorta,DET,4430027,extra: Frank 2026-09-10
2024,TE,85,Tucker Kraft,Tucker Kraft,GB,4572680,extra: Frank 2026-09-10
2024,WR,11,A. J. Brown,A.J. Brown,PHI,4047646,extra: Frank 2026-09-10
2024,WR,0,Calvin Ridley,Calvin Ridley,TEN,3925357,extra: Frank 2026-09-10
2024,WR,14,Courtland Sutton,Courtland Sutton,DEN,3128429,extra: Frank 2026-09-10
2024,WR,1,Darnell Mooney,Darnell Mooney,ATL,4040655,extra: Frank 2026-09-10
2024,WR,17,Davante Adams,Davante Adams,NYJ,16800,extra: Frank 2026-09-10
2024,WR,5,Drake London,Drake London,ATL,4426502,extra: Frank 2026-09-10
2024,WR,5,Garrett Wilson,Garrett Wilson,NYJ,4569618,extra: Frank 2026-09-10
2024,WR,16,Jakobi Meyers,Jakobi Meyers,LV,3916433,extra: Frank 2026-09-10
2024,WR,9,Jameson Williams,Jameson Williams,DET,4426388,extra: Frank 2026-09-10
2024,WR,15,Jauan Jennings,Jauan Jennings,SF,3886598,extra: Frank 2026-09-10
2024,WR,15,Ladd McConkey,Ladd McConkey,LAC,4612826,extra: Frank 2026-09-10
2024,WR,5,Tee Higgins,Tee Higgins,CIN,4239993,extra: Frank 2026-09-10
2025,QB,8,Aaron Rodgers,Aaron Rodgers,PIT,8439,extra: Frank 2026-09-10
2025,QB,6,Baker Mayfield,Baker Mayfield,TB,3052587,extra: Frank 2026-09-10
2025,QB,10,Bo Nix,Bo Nix,DEN,4426338,extra: Frank 2026-09-10
2025,QB,18,Caleb Williams,Caleb Williams,CHI,4431611,extra: Frank 2026-09-10
2025,QB,7,Jacoby Brissett,Jacoby Brissett,ARI,2578570,extra: Frank 2026-09-10
2025,QB,10,Jordan Love,Jordan Love,GB,4036378,extra: Frank 2026-09-10
2025,QB,15,Patrick Mahomes,Patrick Mahomes,KC,3139477,extra: Frank 2026-09-10
2025,QB,16,Trevor Lawrence,Trevor Lawrence,JAX,4360310,extra: Frank 2026-09-10
2025,RB,2,Ashton Jeanty,Ashton Jeanty,LV,4890973,extra: Frank 2026-09-10
2025,RB,30,Chase Brown,Chase Brown,CIN,4362238,extra: Frank 2026-09-10
2025,RB,4,D'Andre Swift,D'Andre Swift,CHI,4259545,extra: Frank 2026-09-10
2025,RB,22,Derrick Henry,Derrick Henry,BAL,3043078,extra: Frank 2026-09-10
2025,RB,33,Javonte Williams,Javonte Williams,DAL,4361579,extra: Frank 2026-09-10
2025,RB,23,Kyren Williams,Kyren Williams,LAR,4430737,extra: Frank 2026-09-10
2025,RB,26,Saquon Barkley,Saquon Barkley,PHI,3929630,extra: Frank 2026-09-10
2025,RB,1,Travis Etienne,Travis Etienne Jr.,JAX,4239996,extra: Frank 2026-09-10
2025,TE,85,Hunter Henry,Hunter Henry,NE,3046439,extra: Frank 2026-09-10
2025,TE,83,Juwan Johnson,Juwan Johnson,NO,3929645,extra: Frank 2026-09-10
2025,TE,8,Kyle Pitts,Kyle Pitts Sr.,ATL,4360248,extra: Frank 2026-09-10
2025,WR,11,A. J. Brown,A.J. Brown,PHI,4047646,extra: Frank 2026-09-10
2025,WR,14,Alec Pierce,Alec Pierce,IND,4360078,extra: Frank 2026-09-10
2025,WR,12,Chris Olave,Chris Olave,NO,4361370,extra: Frank 2026-09-10
2025,WR,17,Davante Adams,Davante Adams,LAR,16800,extra: Frank 2026-09-10
2025,WR,6,DeVonta Smith,DeVonta Smith,PHI,4241478,extra: Frank 2026-09-10
2025,WR,5,Drake London,Drake London,ATL,4426502,extra: Frank 2026-09-10
2025,WR,1,Jameson Williams,Jameson Williams,DET,4426388,extra: Frank 2026-09-10
2025,WR,18,Justin Jefferson,Justin Jefferson,MIN,4262921,extra: Frank 2026-09-10
2025,WR,14,Michael Wilson (wide receiver),Michael Wilson,ARI,4360761,extra: Frank 2026-09-10
2025,WR,8,Stefon Diggs,Stefon Diggs,NE,2976212,extra: Frank 2026-09-10
2025,WR,4,Tetairoa McMillan,Tetairoa McMillan,CAR,4685472,extra: Frank 2026-09-10
2025,WR,17,Wan'Dale Robinson,Wan'Dale Robinson,NYG,4569587,extra: Frank 2026-09-10
