espn_id,name,pos,jersey,jersey_source,college_id,college_name,college_logo,college_source,draft_status,draft_year,draft_round,draft_pick,draft_team,draft_team_name,draft_source,included,notes,country,country_name,country_source
3192,Aaron Brooks,G,30,espn,2483,Oregon,https://a.espncdn.com/i/teamlogos/ncaa/500/2483.png,espn,drafted,2007,1,26,HOU,Houston Rockets,espn,true,,us,United States,wikipedia birthplace
308,Al Harrington,F,7,espn,,,,,drafted,1998,1,25,IND,Indiana Pacers,espn,true,,us,United States,wikipedia birthplace
3213,Al Horford,C,20,espn,57,Florida,https://a.espncdn.com/i/teamlogos/ncaa/500/57.png,espn,drafted,2007,1,3,ATL,Atlanta Hawks,espn,true,,do,Dominican Republic,espn birthplace
2389,Al Jefferson,C,25,espn,,,,,drafted,2004,1,15,BOS,Boston Celtics,espn,true,,us,United States,wikipedia birthplace
349,Allan Houston,G,7,espn,2633,Tennessee,https://a.espncdn.com/i/teamlogos/ncaa/500/2633.png,espn,drafted,1993,1,11,DET,Detroit Pistons,espn,true,,us,United States,wikipedia birthplace
366,Allen Iverson,G,3,espn,46,Georgetown,https://a.espncdn.com/i/teamlogos/ncaa/500/46.png,espn,drafted,1996,1,1,PHI,Philadelphia 76ers,espn,true,,us,United States,espn birthplace
580,Alonzo Mourning,C,99,espn,46,Georgetown,https://a.espncdn.com/i/teamlogos/ncaa/500/46.png,espn,drafted,1992,1,2,CHH,Charlotte Hornets,espn,true,,us,United States,espn birthplace
1727,Amar'e Stoudemire,C,1,espn,,,,,drafted,2002,1,9,PHX,Phoenix Suns,espn,true,,us,United States,wikipedia nationality
2419,Anderson Varejao,C,17,espn,,,,,drafted,2004,2,30,ORL,Orlando Magic,espn,true,,br,Brazil,espn citizenship
6585,Andre Drummond,C,0,wikipedia,41,UConn,https://a.espncdn.com/i/teamlogos/ncaa/500/41.png,espn,drafted,2012,1,9,DET,Detroit Pistons,espn,true,,us,United States,espn birthplace
2386,Andre Iguodala,F,9,espn,12,Arizona,https://a.espncdn.com/i/teamlogos/ncaa/500/12.png,espn,drafted,2004,1,9,PHI,Philadelphia 76ers,espn,true,,us,United States,espn birthplace
557,Andre Miller,G,24,espn,254,Utah,https://a.espncdn.com/i/teamlogos/ncaa/500/254.png,espn,drafted,1999,1,8,CLE,Cleveland Cavaliers,espn,true,,us,United States,espn birthplace
2987,Andrea Bargnani,C,,,,,,,drafted,2006,1,1,TOR,Toronto Raptors,espn,true,,it,Italy,espn birthplace
2747,Andrew Bogut,C,12,espn,254,Utah,https://a.espncdn.com/i/teamlogos/ncaa/500/254.png,espn,drafted,2005,1,1,MIL,Milwaukee Bucks,espn,true,,au,Australia,espn citizenship
2748,Andrew Bynum,C,17,espn,,,,,drafted,2005,1,10,LAL,Los Angeles Lakers,espn,true,,us,United States,wikipedia birthplace
3059319,Andrew Wiggins,F,22,espn,2305,Kansas,https://a.espncdn.com/i/teamlogos/ncaa/500/2305.png,espn,drafted,2014,1,1,CLE,Cleveland Cavaliers,espn,true,,ca,Canada,espn birthplace
2427,Andris Biedrins,C,11,espn,,,,,drafted,2004,1,11,GS,Golden State Warriors,espn,true,,lv,Latvia,wikipedia nationality
302,Anfernee Hardaway,F,7,espn,235,Memphis,https://a.espncdn.com/i/teamlogos/ncaa/500/235.png,espn,drafted,1993,1,3,GS,Golden State Warriors,espn,true,,us,United States,espn birthplace
4351851,Anfernee Simons,G,5,espn,,,,,drafted,2018,1,24,POR,Portland Trail Blazers,espn,true,,us,United States,espn birthplace
385,Antawn Jamison,F,33,espn,153,North Carolina,https://a.espncdn.com/i/teamlogos/ncaa/500/153.png,espn,drafted,1998,1,4,TOR,Toronto Raptors,espn,true,,us,United States,espn birthplace
6583,Anthony Davis,F,23,espn,96,Kentucky,https://a.espncdn.com/i/teamlogos/ncaa/500/96.png,espn,drafted,2012,1,1,NOH,New Orleans Hornets,espn,true,,us,United States,espn birthplace
4594268,Anthony Edwards,G,5,espn,61,Georgia,https://a.espncdn.com/i/teamlogos/ncaa/500/61.png,espn,drafted,2020,1,1,MIN,Minnesota Timberwolves,espn,true,,us,United States,espn birthplace
517,Anthony Mason,F,99,espn,2634,Tennessee State,https://a.espncdn.com/i/teamlogos/ncaa/500/2634.png,espn,drafted,1988,3,53,POR,Portland Trail Blazers,espn,true,,us,United States,wikipedia birthplace
881,Antoine Walker,F,8,espn,96,Kentucky,https://a.espncdn.com/i/teamlogos/ncaa/500/96.png,espn,drafted,1996,1,6,BOS,Boston Celtics,espn,true,,us,United States,wikipedia birthplace
189,Antonio Davis,F,33,espn,2638,UTEP,https://a.espncdn.com/i/teamlogos/ncaa/500/2638.png,espn,drafted,1990,2,45,IND,Indiana Pacers,espn,true,,us,United States,wikipedia birthplace
530,Antonio McDyess,F,34,espn,333,Alabama,https://a.espncdn.com/i/teamlogos/ncaa/500/333.png,espn,drafted,1995,1,2,LAC,Los Angeles Clippers,espn,true,,us,United States,wikipedia birthplace
271,Armon Gilliam,F,5,espn,2439,UNLV,https://a.espncdn.com/i/teamlogos/ncaa/500/2439.png,espn,drafted,1987,1,2,PHX,Phoenix Suns,espn,true,,,,
3187,Arron Afflalo,G,4,espn,26,UCLA,https://a.espncdn.com/i/teamlogos/ncaa/500/26.png,espn,drafted,2007,1,27,DET,Detroit Pistons,espn,true,,us,United States,wikipedia birthplace
390,Avery Johnson,G,6,espn,2582,Southern,https://a.espncdn.com/i/teamlogos/ncaa/500/2582.png,espn,undrafted,1988,,,,,wikipedia infobox,true,"Wikipedia draft team """" not in nba_draft_teams.csv",us,United States,wikipedia birthplace
194,Baron Davis,G,,,26,UCLA,https://a.espncdn.com/i/teamlogos/ncaa/500/26.png,espn,drafted,1999,1,3,CHH,Charlotte Hornets,espn,true,,us,United States,wikipedia birthplace
2381,Ben Gordon,G,7,espn,41,UConn,https://a.espncdn.com/i/teamlogos/ncaa/500/41.png,espn,drafted,2004,1,3,CHI,Chicago Bulls,espn,true,,gb,United Kingdom,wikipedia nationality
3907387,Ben Simmons,G,25,wikipedia,99,LSU,https://a.espncdn.com/i/teamlogos/ncaa/500/99.png,espn,drafted,2016,1,1,PHI,Philadelphia 76ers,espn,true,,au,Australia,espn birthplace
885,Ben Wallace,F,6,espn,2676,Virginia Union,https://a.espncdn.com/i/teamlogos/ncaa/500/2676.png,espn,undrafted,1996,,,,,wikipedia infobox,true,"Wikipedia draft team """" not in nba_draft_teams.csv",us,United States,wikipedia birthplace
3989,Blake Griffin,F,91,espn,201,Oklahoma,https://a.espncdn.com/i/teamlogos/ncaa/500/201.png,espn,drafted,2009,1,1,LAC,Los Angeles Clippers,espn,true,,us,United States,espn birthplace
3593,Bojan Bogdanovic,F,44,espn,,,,,drafted,2011,2,31,MIA,Miami Heat,espn,true,,hr,Croatia,espn citizenship
556,Brad Miller,C,52,espn,2509,Purdue,https://a.espncdn.com/i/teamlogos/ncaa/500/2509.png,espn,undrafted,1998,,,,,wikipedia infobox,true,"Wikipedia draft team """" not in nba_draft_teams.csv",us,United States,wikipedia birthplace
6580,Bradley Beal,G,,,57,Florida,https://a.espncdn.com/i/teamlogos/ncaa/500/57.png,espn,drafted,2012,1,3,WSH,Washington Wizards,espn,true,,us,United States,espn birthplace
3913176,Brandon Ingram,F,3,espn,150,Duke,https://a.espncdn.com/i/teamlogos/ncaa/500/150.png,espn,drafted,2016,1,2,LAL,Los Angeles Lakers,espn,true,,us,United States,espn birthplace
3997,Brandon Jennings,G,11,espn,,,,,drafted,2009,1,10,MIL,Milwaukee Bucks,espn,true,,us,United States,wikipedia birthplace
6448,Brandon Knight,G,20,espn,96,Kentucky,https://a.espncdn.com/i/teamlogos/ncaa/500/96.png,espn,drafted,2011,1,8,DET,Detroit Pistons,espn,true,,us,United States,espn birthplace
3027,Brandon Roy,G,3,espn,264,Washington,https://a.espncdn.com/i/teamlogos/ncaa/500/264.png,espn,drafted,2006,1,6,MIN,Minnesota Timberwolves,espn,true,,us,United States,wikipedia birthplace
440,Brevin Knight,G,2,espn,24,Stanford,https://a.espncdn.com/i/teamlogos/ncaa/500/24.png,espn,drafted,1997,1,16,CLE,Cleveland Cavaliers,espn,true,,us,United States,wikipedia birthplace
280,Brian Grant,F,55,espn,2752,Xavier,https://a.espncdn.com/i/teamlogos/ncaa/500/2752.png,espn,drafted,1994,1,8,SAC,Sacramento Kings,espn,true,,us,United States,wikipedia birthplace
3448,Brook Lopez,C,11,espn,24,Stanford,https://a.espncdn.com/i/teamlogos/ncaa/500/24.png,espn,drafted,2008,1,10,NJ,New Jersey Nets,espn,true,,us,United States,espn citizenship
2990984,Buddy Hield,G,8,espn,201,Oklahoma,https://a.espncdn.com/i/teamlogos/ncaa/500/201.png,espn,drafted,2016,1,6,NO,New Orleans Pelicans,espn,true,,bs,Bahamas,espn birthplace
4432166,Cade Cunningham,G,2,espn,197,Oklahoma State,https://a.espncdn.com/i/teamlogos/ncaa/500/197.png,espn,drafted,2021,1,1,DET,Detroit Pistons,espn,true,,us,United States,espn birthplace
4432174,Cam Thomas,G,24,espn,99,LSU,https://a.espncdn.com/i/teamlogos/ncaa/500/99.png,espn,drafted,2021,1,27,BKN,Brooklyn Nets,espn,true,,us,United States,wikipedia nationality
1703,Carlos Boozer,F,99,espn,150,Duke,https://a.espncdn.com/i/teamlogos/ncaa/500/150.png,espn,drafted,2002,2,35,CLE,Cleveland Cavaliers,espn,true,,us,United States,wikipedia nationality
1975,Carmelo Anthony,F,7,espn,183,Syracuse,https://a.espncdn.com/i/teamlogos/ncaa/500/183.png,espn,drafted,2003,1,3,DEN,Denver Nuggets,espn,true,,us,United States,espn birthplace
1705,Caron Butler,F,31,espn,41,UConn,https://a.espncdn.com/i/teamlogos/ncaa/500/41.png,espn,drafted,2002,1,10,MIA,Miami Heat,espn,true,,us,United States,espn birthplace
141,Cedric Ceballos,F,23,espn,2239,Cal State Fullerton,https://a.espncdn.com/i/teamlogos/ncaa/500/2239.png,espn,drafted,1990,2,48,PHX,Phoenix Suns,espn,true,,us,United States,wikipedia birthplace
37,Charles Barkley,F,4,espn,2,Auburn,https://a.espncdn.com/i/teamlogos/ncaa/500/2.png,espn,drafted,1984,1,5,PHI,Philadelphia 76ers,espn,true,,us,United States,wikipedia birthplace
63,Chauncey Billups,G,1,espn,38,Colorado,https://a.espncdn.com/i/teamlogos/ncaa/500/38.png,espn,drafted,1997,1,3,BOS,Boston Celtics,espn,true,,us,United States,espn birthplace
1977,Chris Bosh,F,1,espn,59,Georgia Tech,https://a.espncdn.com/i/teamlogos/ncaa/500/59.png,espn,drafted,2003,1,4,TOR,Toronto Raptors,espn,true,,us,United States,wikipedia birthplace
265,Chris Gatling,C,15,espn,295,Old Dominion,https://a.espncdn.com/i/teamlogos/ncaa/500/295.png,espn,drafted,1991,1,16,GS,Golden State Warriors,espn,true,,us,United States,wikipedia birthplace
1982,Chris Kaman,C,35,espn,2117,Central Michigan,https://a.espncdn.com/i/teamlogos/ncaa/500/2117.png,espn,drafted,2003,1,6,LAC,Los Angeles Clippers,espn,true,,us,United States,wikipedia nationality
582,Chris Mullin,F,17,espn,2599,St. John's,https://a.espncdn.com/i/teamlogos/ncaa/500/2599.png,espn,drafted,1985,1,7,GS,Golden State Warriors,espn,true,,us,United States,espn birthplace
2779,Chris Paul,G,,,154,Wake Forest,https://a.espncdn.com/i/teamlogos/ncaa/500/154.png,espn,drafted,2005,1,4,NOH,New Orleans Hornets,espn,true,,us,United States,espn birthplace
897,Chris Webber,C,4,espn,130,Michigan,https://a.espncdn.com/i/teamlogos/ncaa/500/130.png,espn,drafted,1993,1,1,ORL,Orlando Magic,espn,true,,us,United States,espn birthplace
453,Christian Laettner,F,44,espn,150,Duke,https://a.espncdn.com/i/teamlogos/ncaa/500/150.png,espn,drafted,1992,1,3,MIN,Minnesota Timberwolves,espn,true,,us,United States,espn birthplace
3058254,Christian Wood,F,35,espn,2439,UNLV,https://a.espncdn.com/i/teamlogos/ncaa/500/2439.png,espn,undrafted,2015,,,,,wikipedia infobox,true,"Wikipedia draft team """" not in nba_draft_teams.csv",us,United States,espn birthplace
2490149,CJ McCollum,G,3,espn,2329,Lehigh,https://a.espncdn.com/i/teamlogos/ncaa/500/2329.png,espn,drafted,2013,1,10,POR,Portland Trail Blazers,espn,true,,us,United States,espn birthplace
896,Clarence Weatherspoon,F,30,espn,2572,Southern Miss,https://a.espncdn.com/i/teamlogos/ncaa/500/2572.png,espn,drafted,1992,1,9,PHI,Philadelphia 76ers,espn,true,,us,United States,wikipedia birthplace
714,Clifford Robinson,F,30,espn,41,UConn,https://a.espncdn.com/i/teamlogos/ncaa/500/41.png,espn,drafted,1989,2,36,POR,Portland Trail Blazers,espn,true,,us,United States,wikipedia birthplace
3102529,Clint Capela,C,30,espn,,,,,drafted,2014,1,25,HOU,Houston Rockets,espn,true,,ch,Switzerland,espn birthplace
3686,Clyde Drexler,G,22,espn,248,Houston,https://a.espncdn.com/i/teamlogos/ncaa/500/248.png,espn,drafted,1983,1,14,POR,Portland Trail Blazers,espn,true,,us,United States,wikipedia birthplace
4277811,Collin Sexton,G,10,wikipedia,333,Alabama,https://a.espncdn.com/i/teamlogos/ncaa/500/333.png,espn,drafted,2018,1,8,CLE,Cleveland Cavaliers,espn,true,,us,United States,espn birthplace
497,Corey Maggette,F,14,espn,150,Duke,https://a.espncdn.com/i/teamlogos/ncaa/500/150.png,espn,drafted,1999,1,13,SEA,Seattle SuperSonics,espn,true,,us,United States,wikipedia birthplace
936,Corliss Williamson,F,34,espn,8,Arkansas,https://a.espncdn.com/i/teamlogos/ncaa/500/8.png,espn,drafted,1995,1,13,SAC,Sacramento Kings,espn,true,,us,United States,wikipedia birthplace
566,Cuttino Mobley,G,32,espn,227,Rhode Island,https://a.espncdn.com/i/teamlogos/ncaa/500/227.png,espn,drafted,1998,2,41,HOU,Houston Rockets,espn,true,,us,United States,wikipedia birthplace
3136776,D'Angelo Russell,G,,,194,Ohio State,https://a.espncdn.com/i/teamlogos/ncaa/500/194.png,espn,drafted,2015,1,2,LAL,Los Angeles Lakers,espn,true,,us,United States,espn birthplace
187,Dale Davis,F,34,espn,228,Clemson,https://a.espncdn.com/i/teamlogos/ncaa/500/228.png,espn,drafted,1991,1,13,IND,Indiana Pacers,espn,true,,us,United States,wikipedia birthplace
6606,Damian Lillard,G,0,wikipedia,2692,Weber State,https://a.espncdn.com/i/teamlogos/ncaa/500/2692.png,espn,drafted,2012,1,6,POR,Portland Trail Blazers,espn,true,,us,United States,espn birthplace
817,Damon Stoudamire,G,3,espn,12,Arizona,https://a.espncdn.com/i/teamlogos/ncaa/500/12.png,espn,drafted,1995,1,7,TOR,Toronto Raptors,espn,true,,us,United States,espn birthplace
40,Dana Barros,G,,,103,Boston College,https://a.espncdn.com/i/teamlogos/ncaa/500/103.png,espn,drafted,1989,1,16,SEA,Seattle SuperSonics,espn,true,,us,United States,wikipedia birthplace
3428,Danilo Gallinari,F,12,espn,,,,,drafted,2008,1,6,NY,New York Knicks,espn,true,,it,Italy,espn citizenship
248,Danny Fortson,C,21,espn,2132,Cincinnati,https://a.espncdn.com/i/teamlogos/ncaa/500/2132.png,espn,drafted,1997,1,10,MIL,Milwaukee Bucks,espn,true,,us,United States,espn birthplace
2760,Danny Granger,F,33,espn,167,New Mexico,https://a.espncdn.com/i/teamlogos/ncaa/500/167.png,espn,drafted,2005,1,17,IND,Indiana Pacers,espn,true,,us,United States,wikipedia birthplace
506,Danny Manning,F,5,espn,2305,Kansas,https://a.espncdn.com/i/teamlogos/ncaa/500/2305.png,espn,drafted,1988,1,1,LAC,Los Angeles Clippers,espn,true,,us,United States,espn birthplace
4396907,Darius Garland,G,10,espn,238,Vanderbilt,https://a.espncdn.com/i/teamlogos/ncaa/500/238.png,espn,drafted,2019,1,5,CLE,Cleveland Cavaliers,espn,true,,us,United States,espn birthplace
2772,David Lee,F,10,espn,57,Florida,https://a.espncdn.com/i/teamlogos/ncaa/500/57.png,espn,drafted,2005,1,30,NY,New York Knicks,espn,true,,us,United States,wikipedia birthplace
715,David Robinson,C,50,espn,2426,Navy,https://a.espncdn.com/i/teamlogos/ncaa/500/2426.png,espn,drafted,1987,1,1,SA,San Antonio Spurs,espn,true,,us,United States,espn birthplace
904,David Wesley,G,,,239,Baylor,https://a.espncdn.com/i/teamlogos/ncaa/500/239.png,espn,undrafted,1992,,,,,wikipedia infobox,true,"Wikipedia draft team """" not in nba_draft_teams.csv",us,United States,wikipedia birthplace
2177,David West,F,3,espn,2752,Xavier,https://a.espncdn.com/i/teamlogos/ncaa/500/2752.png,espn,drafted,2003,1,18,NOH,New Orleans Hornets,espn,true,,us,United States,wikipedia birthplace
4066259,De'Aaron Fox,G,4,espn,96,Kentucky,https://a.espncdn.com/i/teamlogos/ncaa/500/96.png,espn,drafted,2017,1,5,SAC,Sacramento Kings,espn,true,,us,United States,espn birthplace
4278129,Deandre Ayton,C,8,wikipedia,12,Arizona,https://a.espncdn.com/i/teamlogos/ncaa/500/12.png,espn,drafted,2018,1,1,PHX,Phoenix Suns,espn,true,,bs,Bahamas,espn birthplace
3442,DeAndre Jordan,C,6,espn,245,Texas A&M,https://a.espncdn.com/i/teamlogos/ncaa/500/245.png,espn,drafted,2008,2,35,LAC,Los Angeles Clippers,espn,true,,us,United States,espn birthplace
3907497,Dejounte Murray,G,5,espn,264,Washington,https://a.espncdn.com/i/teamlogos/ncaa/500/264.png,espn,drafted,2016,1,29,SA,San Antonio Spurs,espn,true,,us,United States,espn birthplace
3978,DeMar DeRozan,G,10,wikipedia,30,USC,https://a.espncdn.com/i/teamlogos/ncaa/500/30.png,espn,drafted,2009,1,9,TOR,Toronto Raptors,espn,true,,us,United States,espn citizenship
4258,DeMarcus Cousins,C,,,96,Kentucky,https://a.espncdn.com/i/teamlogos/ncaa/500/96.png,espn,drafted,2010,1,5,SAC,Sacramento Kings,espn,true,,us,United States,espn birthplace
726,Dennis Rodman,F,70,espn,199,Southeastern Oklahoma,https://a.espncdn.com/i/teamlogos/ncaa/500/199.png,espn,drafted,1986,2,27,DET,Detroit Pistons,espn,true,,us,United States,wikipedia birthplace
3032979,Dennis Schroder,G,,,,,,,drafted,2013,1,17,ATL,Atlanta Hawks,espn,true,,de,Germany,espn citizenship
2798,Deron Williams,G,31,espn,356,Illinois,https://a.espncdn.com/i/teamlogos/ncaa/500/356.png,espn,drafted,2005,1,3,UTAH,Utah Jazz,espn,true,,us,United States,wikipedia birthplace
156,Derrick Coleman,F,44,espn,183,Syracuse,https://a.espncdn.com/i/teamlogos/ncaa/500/183.png,espn,drafted,1990,1,1,NJ,New Jersey Nets,espn,true,,us,United States,espn birthplace
3456,Derrick Rose,G,23,espn,235,Memphis,https://a.espncdn.com/i/teamlogos/ncaa/500/235.png,espn,drafted,2008,1,1,CHI,Chicago Bulls,espn,true,,us,United States,espn birthplace
4066320,Desmond Bane,G,3,espn,2628,TCU,https://a.espncdn.com/i/teamlogos/ncaa/500/2628.png,espn,drafted,2020,1,30,BOS,Boston Celtics,espn,true,,us,United States,espn birthplace
757,Detlef Schrempf,F,12,espn,264,Washington,https://a.espncdn.com/i/teamlogos/ncaa/500/264.png,espn,drafted,1985,1,8,DAL,Dallas Mavericks,espn,true,,de,Germany,wikipedia nationality
3136193,Devin Booker,G,15,espn,96,Kentucky,https://a.espncdn.com/i/teamlogos/ncaa/500/96.png,espn,drafted,2015,1,13,PHX,Phoenix Suns,espn,true,,us,United States,espn birthplace
2382,Devin Harris,G,34,espn,275,Wisconsin,https://a.espncdn.com/i/teamlogos/ncaa/500/275.png,espn,drafted,2004,1,5,WSH,Washington Wizards,espn,true,,us,United States,wikipedia birthplace
3133601,Devonte' Graham,G,18,espn,2305,Kansas,https://a.espncdn.com/i/teamlogos/ncaa/500/2305.png,espn,drafted,2018,2,34,ATL,Atlanta Hawks,espn,true,,us,United States,espn birthplace
588,Dikembe Mutombo,C,55,espn,46,Georgetown,https://a.espncdn.com/i/teamlogos/ncaa/500/46.png,espn,drafted,1991,1,4,DEN,Denver Nuggets,espn,true,,cd,DR Congo,wikipedia nationality
3823,Dino Radja,C,40,espn,,,,,drafted,1989,2,40,BOS,Boston Celtics,espn,true,,rs,Serbia,espn birthplace
609,Dirk Nowitzki,F,41,espn,,,,,drafted,1998,1,9,MIL,Milwaukee Bucks,espn,true,,de,Germany,espn birthplace
3155942,Domantas Sabonis,F,11,espn,2250,Gonzaga,https://a.espncdn.com/i/teamlogos/ncaa/500/2250.png,espn,drafted,2016,1,11,ORL,Orlando Magic,espn,true,,lt,Lithuania,espn citizenship
3532,Dominique Wilkins,F,21,espn,61,Georgia,https://a.espncdn.com/i/teamlogos/ncaa/500/61.png,espn,drafted,1982,1,3,UTAH,Utah Jazz,espn,true,,fr,France,espn birthplace
3908809,Donovan Mitchell,G,45,espn,97,Louisville,https://a.espncdn.com/i/teamlogos/ncaa/500/97.png,espn,drafted,2017,1,13,DEN,Denver Nuggets,espn,true,,us,United States,espn citizenship
512,Donyell Marshall,F,8,espn,41,UConn,https://a.espncdn.com/i/teamlogos/ncaa/500/41.png,espn,drafted,1994,1,4,MIN,Minnesota Timberwolves,espn,true,,us,United States,espn birthplace
6589,Draymond Green,F,23,espn,127,Michigan State,https://a.espncdn.com/i/teamlogos/ncaa/500/127.png,espn,drafted,2012,2,35,GS,Golden State Warriors,espn,true,,us,United States,espn birthplace
2384,Dwight Howard,C,39,espn,,,,,drafted,2004,1,1,ORL,Orlando Magic,espn,true,,us,United States,espn birthplace
1987,Dwyane Wade,G,3,espn,269,Marquette,https://a.espncdn.com/i/teamlogos/ncaa/500/269.png,espn,drafted,2003,1,5,MIA,Miami Heat,espn,true,,us,United States,wikipedia birthplace
2477,Earl Barron,C,30,espn,235,Memphis,https://a.espncdn.com/i/teamlogos/ncaa/500/235.png,espn,undrafted,2003,,,,,wikipedia infobox,true,"Wikipedia draft team """" not in nba_draft_teams.csv",us,United States,wikipedia birthplace
402,Eddie Jones,G,99,espn,218,Temple,https://a.espncdn.com/i/teamlogos/ncaa/500/218.png,espn,drafted,1994,1,10,LAL,Los Angeles Lakers,espn,true,,us,United States,wikipedia birthplace
990,Eddy Curry,F,6,wikipedia,,,,,drafted,2001,1,4,CHI,Chicago Bulls,espn,true,,us,United States,wikipedia birthplace
2583639,Elfrid Payton,G,,,309,Louisiana,https://a.espncdn.com/i/teamlogos/ncaa/500/309.png,espn,drafted,2014,1,10,PHI,Philadelphia 76ers,espn,true,,us,United States,espn birthplace
91,Elton Brand,F,42,espn,150,Duke,https://a.espncdn.com/i/teamlogos/ncaa/500/150.png,espn,drafted,1999,1,1,CHI,Chicago Bulls,espn,true,,us,United States,espn birthplace
2399,Emeka Okafor,C,50,espn,41,UConn,https://a.espncdn.com/i/teamlogos/ncaa/500/41.png,espn,drafted,2004,1,2,CHAB,Charlotte Bobcats,espn,true,,us,United States,wikipedia birthplace
6447,Enes Freedom,C,13,espn,96,Kentucky,https://a.espncdn.com/i/teamlogos/ncaa/500/96.png,espn,drafted,2011,1,3,UTAH,Utah Jazz,espn,true,,ch,Switzerland,espn birthplace
4238,Eric Bledsoe,G,5,espn,96,Kentucky,https://a.espncdn.com/i/teamlogos/ncaa/500/96.png,espn,drafted,2010,1,18,OKC,Oklahoma City Thunder,espn,true,,us,United States,espn birthplace
3431,Eric Gordon,G,,,84,Indiana,https://a.espncdn.com/i/teamlogos/ncaa/500/84.png,espn,drafted,2008,1,7,LAC,Los Angeles Clippers,espn,true,,us,United States,wikipedia nationality
796,Eric Snow,G,20,espn,127,Michigan State,https://a.espncdn.com/i/teamlogos/ncaa/500/127.png,espn,drafted,1995,2,43,MIL,Milwaukee Bucks,espn,true,,us,United States,wikipedia birthplace
929,Eric Williams,F,55,espn,2507,Providence,https://a.espncdn.com/i/teamlogos/ncaa/500/2507.png,espn,drafted,1995,1,14,BOS,Boston Celtics,espn,true,,us,United States,wikipedia birthplace
181,Erick Dampier,C,25,espn,344,Mississippi State,https://a.espncdn.com/i/teamlogos/ncaa/500/344.png,espn,drafted,1996,1,10,IND,Indiana Pacers,espn,true,,us,United States,wikipedia birthplace
393,Ervin Johnson,C,40,espn,2443,New Orleans,https://a.espncdn.com/i/teamlogos/ncaa/500/2443.png,espn,drafted,1993,1,23,SEA,Seattle SuperSonics,espn,true,,us,United States,wikipedia birthplace
6588,Evan Fournier,G,,,,,,,drafted,2012,1,20,DEN,Denver Nuggets,espn,true,,fr,France,espn citizenship
4566434,Franz Wagner,F,22,espn,130,Michigan,https://a.espncdn.com/i/teamlogos/ncaa/500/130.png,espn,drafted,2021,1,8,ORL,Orlando Magic,espn,true,,de,Germany,espn birthplace
2991230,Fred VanVleet,G,5,espn,2724,Wichita State,https://a.espncdn.com/i/teamlogos/ncaa/500/2724.png,espn,undrafted,2016,,,,,wikipedia infobox,true,"Wikipedia draft team """" not in nba_draft_teams.csv",us,United States,espn birthplace
640,Gary Payton,G,20,espn,204,Oregon State,https://a.espncdn.com/i/teamlogos/ncaa/500/204.png,espn,drafted,1990,1,2,SEA,Seattle SuperSonics,espn,true,,us,United States,espn birthplace
858,Gary Trent,F,,,195,Ohio,https://a.espncdn.com/i/teamlogos/ncaa/500/195.png,espn,drafted,1995,1,11,MIL,Milwaukee Bucks,espn,true,,us,United States,wikipedia birthplace
524,George McCloud,F,21,espn,52,Florida State,https://a.espncdn.com/i/teamlogos/ncaa/500/52.png,espn,drafted,1989,1,7,IND,Indiana Pacers,espn,true,,us,United States,wikipedia birthplace
1026,Gerald Wallace,F,,,333,Alabama,https://a.espncdn.com/i/teamlogos/ncaa/500/333.png,espn,drafted,2001,1,25,SAC,Sacramento Kings,espn,true,,us,United States,wikipedia birthplace
3032977,Giannis Antetokounmpo,F,7,espn,,,,,drafted,2013,1,15,MIL,Milwaukee Bucks,espn,true,,gr,Greece,espn citizenship
974,Gilbert Arenas,G,10,espn,12,Arizona,https://a.espncdn.com/i/teamlogos/ncaa/500/12.png,espn,drafted,2001,2,31,GS,Golden State Warriors,espn,true,,us,United States,wikipedia birthplace
702,Glen Rice,F,99,espn,130,Michigan,https://a.espncdn.com/i/teamlogos/ncaa/500/130.png,espn,drafted,1989,1,4,MIA,Miami Heat,espn,true,,us,United States,espn birthplace
717,Glenn Robinson,F,3,espn,2509,Purdue,https://a.espncdn.com/i/teamlogos/ncaa/500/2509.png,espn,drafted,1994,1,1,MIL,Milwaukee Bucks,espn,true,,us,United States,espn birthplace
3423,Goran Dragic,G,31,espn,,,,,drafted,2008,2,45,SA,San Antonio Spurs,espn,true,,si,Slovenia,wikipedia nationality
4249,Gordon Hayward,F,33,espn,2086,Butler,https://a.espncdn.com/i/teamlogos/ncaa/500/2086.png,espn,drafted,2010,1,9,UTAH,Utah Jazz,espn,true,,us,United States,espn birthplace
336,Grant Hill,F,33,espn,150,Duke,https://a.espncdn.com/i/teamlogos/ncaa/500/150.png,espn,drafted,1994,1,3,DET,Detroit Pistons,espn,true,,us,United States,espn birthplace
4291,Greivis Vasquez,G,21,espn,120,Maryland,https://a.espncdn.com/i/teamlogos/ncaa/500/120.png,espn,drafted,2010,1,28,MEM,Memphis Grizzlies,espn,true,,ve,Venezuela,espn birthplace
619,Hakeem Olajuwon,C,34,espn,248,Houston,https://a.espncdn.com/i/teamlogos/ncaa/500/248.png,espn,drafted,1984,1,1,HOU,Houston Rockets,espn,true,,ng,Nigeria,espn birthplace
6578,Harrison Barnes,F,40,espn,153,North Carolina,https://a.espncdn.com/i/teamlogos/ncaa/500/153.png,espn,drafted,2012,1,7,GS,Golden State Warriors,espn,true,,us,United States,espn citizenship
4262,Hassan Whiteside,C,21,espn,276,Marshall,https://a.espncdn.com/i/teamlogos/ncaa/500/276.png,espn,drafted,2010,2,33,SAC,Sacramento Kings,espn,true,,us,United States,espn birthplace
862,Hedo Turkoglu,F,15,espn,,,,,drafted,2000,1,16,SAC,Sacramento Kings,espn,true,,tr,Turkey,espn birthplace
4222252,Isaiah Hartenstein,C,55,espn,,,,,drafted,2017,2,43,HOU,Houston Rockets,espn,true,,us,United States,wikipedia nationality
705,Isaiah Rider,G,34,espn,2439,UNLV,https://a.espncdn.com/i/teamlogos/ncaa/500/2439.png,espn,drafted,1993,1,5,MIN,Minnesota Timberwolves,espn,true,,us,United States,wikipedia birthplace
6472,Isaiah Thomas,G,4,espn,264,Washington,https://a.espncdn.com/i/teamlogos/ncaa/500/264.png,espn,drafted,2011,2,60,SAC,Sacramento Kings,espn,true,,us,United States,espn birthplace
4017837,Ivica Zubac,C,40,espn,,,,,drafted,2016,2,32,LAL,Los Angeles Lakers,espn,true,,hr,Croatia,wikipedia nationality
4279888,Ja Morant,G,1,espn,93,Murray State,https://a.espncdn.com/i/teamlogos/ncaa/500/93.png,espn,drafted,2019,1,2,MEM,Memphis Grizzlies,espn,true,,us,United States,espn birthplace
3056600,Jabari Parker,F,,,150,Duke,https://a.espncdn.com/i/teamlogos/ncaa/500/150.png,espn,drafted,2014,1,2,MIL,Milwaukee Bucks,espn,true,,us,United States,espn birthplace
3135048,Jahlil Okafor,C,,,150,Duke,https://a.espncdn.com/i/teamlogos/ncaa/500/150.png,espn,drafted,2015,1,3,PHI,Philadelphia 76ers,espn,true,,us,United States,espn birthplace
2608891,JaKarr Sampson,F,,,2599,St. John's,https://a.espncdn.com/i/teamlogos/ncaa/500/2599.png,espn,undrafted,2014,,,,,wikipedia infobox,true,"Wikipedia draft team """" not in nba_draft_teams.csv",us,United States,espn birthplace
3934672,Jalen Brunson,G,11,espn,222,Villanova,https://a.espncdn.com/i/teamlogos/ncaa/500/222.png,espn,drafted,2018,2,33,DAL,Dallas Mavericks,espn,true,,us,United States,espn birthplace
4433621,Jalen Duren,C,,,235,Memphis,https://a.espncdn.com/i/teamlogos/ncaa/500/235.png,espn,drafted,2022,1,13,CHH,Charlotte Hornets,espn,true,,us,United States,espn birthplace
4437244,Jalen Green,G,4,espn,,,,,drafted,2021,1,2,HOU,Houston Rockets,espn,true,,us,United States,espn birthplace
738,Jalen Rose,G,8,espn,130,Michigan,https://a.espncdn.com/i/teamlogos/ncaa/500/130.png,espn,drafted,1994,1,13,DEN,Denver Nuggets,espn,true,,us,United States,wikipedia birthplace
4593803,Jalen Williams,G,8,espn,2541,Santa Clara,https://a.espncdn.com/i/teamlogos/ncaa/500/2541.png,espn,drafted,2022,1,12,OKC,Oklahoma City Thunder,espn,true,,us,United States,espn birthplace
498,Jamaal Magloire,C,21,espn,96,Kentucky,https://a.espncdn.com/i/teamlogos/ncaa/500/96.png,espn,drafted,2000,1,19,CHH,Charlotte Hornets,espn,true,,ca,Canada,wikipedia birthplace
1024,Jamaal Tinsley,G,6,espn,66,Iowa State,https://a.espncdn.com/i/teamlogos/ncaa/500/66.png,espn,drafted,2001,1,27,VAN,Vancouver Grizzlies,espn,true,,us,United States,wikipedia birthplace
165,Jamal Crawford,G,1,espn,130,Michigan,https://a.espncdn.com/i/teamlogos/ncaa/500/130.png,espn,drafted,2000,1,8,CLE,Cleveland Cavaliers,espn,true,,us,United States,wikipedia birthplace
516,Jamal Mashburn,F,24,espn,96,Kentucky,https://a.espncdn.com/i/teamlogos/ncaa/500/96.png,espn,drafted,1993,1,4,DAL,Dallas Mavericks,espn,true,,us,United States,espn birthplace
3936299,Jamal Murray,G,27,espn,96,Kentucky,https://a.espncdn.com/i/teamlogos/ncaa/500/96.png,espn,drafted,2016,1,7,DEN,Denver Nuggets,espn,true,,ca,Canada,espn birthplace
2439,Jameer Nelson,G,41,espn,2603,Saint Joseph's,https://a.espncdn.com/i/teamlogos/ncaa/500/2603.png,espn,drafted,2004,1,20,DEN,Denver Nuggets,espn,true,,us,United States,wikipedia birthplace
3992,James Harden,G,1,espn,9,Arizona State,https://a.espncdn.com/i/teamlogos/ncaa/500/9.png,espn,drafted,2009,1,3,OKC,Oklahoma City Thunder,espn,true,,us,United States,espn birthplace
239,Jamie Feick,F,14,espn,127,Michigan State,https://a.espncdn.com/i/teamlogos/ncaa/500/127.png,espn,drafted,1996,2,48,PHI,Philadelphia 76ers,espn,true,,us,United States,wikipedia birthplace
4277961,Jaren Jackson Jr.,F,20,espn,127,Michigan State,https://a.espncdn.com/i/teamlogos/ncaa/500/127.png,espn,drafted,2018,1,4,MEM,Memphis Grizzlies,espn,true,,us,United States,espn birthplace
2768,Jarrett Jack,G,1,espn,59,Georgia Tech,https://a.espncdn.com/i/teamlogos/ncaa/500/59.png,espn,drafted,2005,1,22,DEN,Denver Nuggets,espn,true,,us,United States,espn birthplace
429,Jason Kidd,G,,,25,California,https://a.espncdn.com/i/teamlogos/ncaa/500/25.png,espn,drafted,1994,1,2,DAL,Dallas Mavericks,espn,true,,us,United States,espn birthplace
1018,Jason Richardson,G,23,espn,127,Michigan State,https://a.espncdn.com/i/teamlogos/ncaa/500/127.png,espn,drafted,2001,1,5,GS,Golden State Warriors,espn,true,,us,United States,wikipedia birthplace
841,Jason Terry,G,3,espn,12,Arizona,https://a.espncdn.com/i/teamlogos/ncaa/500/12.png,espn,drafted,1999,1,10,ATL,Atlanta Hawks,espn,true,,us,United States,espn birthplace
933,Jason Williams,G,3,espn,57,Florida,https://a.espncdn.com/i/teamlogos/ncaa/500/57.png,espn,drafted,1998,1,7,SAC,Sacramento Kings,espn,true,,us,United States,wikipedia birthplace
3917376,Jaylen Brown,G,7,espn,25,California,https://a.espncdn.com/i/teamlogos/ncaa/500/25.png,espn,drafted,2016,1,3,BOS,Boston Celtics,espn,true,,us,United States,espn citizenship
4395688,Jaylen Hoard,F,,,154,Wake Forest,https://a.espncdn.com/i/teamlogos/ncaa/500/154.png,espn,undrafted,2019,,,,,wikipedia infobox,true,"Wikipedia draft team """" not in nba_draft_teams.csv",fr,France,wikipedia nationality
4065648,Jayson Tatum,F,0,wikipedia,150,Duke,https://a.espncdn.com/i/teamlogos/ncaa/500/150.png,espn,drafted,2017,1,3,BOS,Boston Celtics,espn,true,,us,United States,espn citizenship
917,Jayson Williams,C,55,espn,2599,St. John's,https://a.espncdn.com/i/teamlogos/ncaa/500/2599.png,espn,drafted,1990,1,21,PHX,Phoenix Suns,espn,true,,us,United States,wikipedia birthplace
3775,Jeff Malone,G,99,espn,344,Mississippi State,https://a.espncdn.com/i/teamlogos/ncaa/500/344.png,espn,drafted,1983,1,10,WSB,Washington Bullets,espn,true,,us,United States,wikipedia birthplace
4015,Jeff Teague,G,5,espn,154,Wake Forest,https://a.espncdn.com/i/teamlogos/ncaa/500/154.png,espn,drafted,2009,1,19,ATL,Atlanta Hawks,espn,true,,us,United States,espn birthplace
2991070,Jerami Grant,F,9,espn,183,Syracuse,https://a.espncdn.com/i/teamlogos/ncaa/500/183.png,espn,drafted,2014,2,39,PHI,Philadelphia 76ers,espn,true,,us,United States,espn birthplace
4299,Jeremy Lin,G,,,108,Harvard,https://a.espncdn.com/i/teamlogos/ncaa/500/108.png,espn,undrafted,2010,,,,,wikipedia infobox,true,"Wikipedia draft team """" not in nba_draft_teams.csv",us,United States,wikipedia nationality
615,Jermaine O'Neal,C,7,espn,,,,,drafted,1996,1,17,POR,Portland Trail Blazers,espn,true,,us,United States,wikipedia birthplace
930,Jerome Williams,F,31,espn,46,Georgetown,https://a.espncdn.com/i/teamlogos/ncaa/500/46.png,espn,drafted,1996,1,26,DET,Detroit Pistons,espn,true,,us,United States,wikipedia birthplace
802,Jerry Stackhouse,F,42,espn,153,North Carolina,https://a.espncdn.com/i/teamlogos/ncaa/500/153.png,espn,drafted,1995,1,3,PHI,Philadelphia 76ers,espn,true,,us,United States,espn birthplace
372,Jim Jackson,F,24,espn,194,Ohio State,https://a.espncdn.com/i/teamlogos/ncaa/500/194.png,espn,drafted,1992,1,4,DAL,Dallas Mavericks,espn,true,,us,United States,espn birthplace
6430,Jimmy Butler III,F,10,espn,269,Marquette,https://a.espncdn.com/i/teamlogos/ncaa/500/269.png,espn,drafted,2011,1,30,CHI,Chicago Bulls,espn,true,,us,United States,espn citizenship
3224,Joakim Noah,C,55,espn,57,Florida,https://a.espncdn.com/i/teamlogos/ncaa/500/57.png,espn,drafted,2007,1,9,CHI,Chicago Bulls,espn,true,,fr,France,wikipedia nationality
3689,Joe Dumars,G,4,espn,2377,McNeese,https://a.espncdn.com/i/teamlogos/ncaa/500/2377.png,espn,drafted,1985,1,18,DET,Detroit Pistons,espn,true,,us,United States,wikipedia birthplace
1007,Joe Johnson,G,55,espn,8,Arkansas,https://a.espncdn.com/i/teamlogos/ncaa/500/8.png,espn,drafted,2001,1,10,BOS,Boston Celtics,espn,true,,us,United States,espn birthplace
788,Joe Smith,F,1,espn,120,Maryland,https://a.espncdn.com/i/teamlogos/ncaa/500/120.png,espn,drafted,1995,1,1,GS,Golden State Warriors,espn,true,,us,United States,espn birthplace
3059318,Joel Embiid,C,21,espn,2305,Kansas,https://a.espncdn.com/i/teamlogos/ncaa/500/2305.png,espn,drafted,2014,1,3,PHI,Philadelphia 76ers,espn,true,,cm,Cameroon,espn citizenship
3908845,John Collins,F,20,wikipedia,154,Wake Forest,https://a.espncdn.com/i/teamlogos/ncaa/500/154.png,espn,drafted,2017,1,19,ATL,Atlanta Hawks,espn,true,,us,United States,espn birthplace
1726,John Salmons,F,98,espn,2390,Miami,https://a.espncdn.com/i/teamlogos/ncaa/500/2390.png,espn,drafted,2002,1,26,SA,San Antonio Spurs,espn,true,,us,United States,wikipedia birthplace
812,John Stockton,G,12,espn,2250,Gonzaga,https://a.espncdn.com/i/teamlogos/ncaa/500/2250.png,espn,drafted,1984,1,16,UTAH,Utah Jazz,espn,true,,us,United States,wikipedia birthplace
4237,John Wall,G,11,espn,96,Kentucky,https://a.espncdn.com/i/teamlogos/ncaa/500/96.png,espn,drafted,2010,1,1,WSH,Washington Wizards,espn,true,,us,United States,espn birthplace
6477,Jonas Valanciunas,C,17,espn,,,,,drafted,2011,1,5,TOR,Toronto Raptors,espn,true,,lt,Lithuania,espn citizenship
2806,Jose Calderon,G,81,espn,,,,,undrafted,,,,,,espn (no draft record),true,,es,Spain,espn citizenship
4871145,Josh Giddey,G,3,espn,,,,,drafted,2021,1,6,OKC,Oklahoma City Thunder,espn,true,,au,Australia,wikipedia birthplace
2006,Josh Howard,F,8,espn,154,Wake Forest,https://a.espncdn.com/i/teamlogos/ncaa/500/154.png,espn,drafted,2003,1,29,DAL,Dallas Mavericks,espn,true,,us,United States,wikipedia birthplace
2411,Josh Smith,F,5,espn,,,,,drafted,2004,1,17,ATL,Atlanta Hawks,espn,true,,us,United States,wikipedia birthplace
2444,JR Smith,G,21,espn,,,,,drafted,2004,1,18,NOH,New Orleans Hornets,espn,true,,,,
3995,Jrue Holiday,G,5,espn,26,UCLA,https://a.espncdn.com/i/teamlogos/ncaa/500/26.png,espn,drafted,2009,1,17,PHI,Philadelphia 76ers,espn,true,,us,United States,espn birthplace
3064514,Julius Randle,F,30,espn,96,Kentucky,https://a.espncdn.com/i/teamlogos/ncaa/500/96.png,espn,drafted,2014,1,7,LAL,Los Angeles Lakers,espn,true,,us,United States,espn birthplace
3102530,Jusuf Nurkic,C,30,espn,,,,,drafted,2014,1,16,CHI,Chicago Bulls,espn,true,,ba,Bosnia and Herzegovina,espn birthplace
351,Juwan Howard,F,5,espn,130,Michigan,https://a.espncdn.com/i/teamlogos/ncaa/500/130.png,espn,drafted,1994,1,5,WSB,Washington Bullets,espn,true,,us,United States,espn birthplace
501,Karl Malone,F,11,espn,2348,Louisiana Tech,https://a.espncdn.com/i/teamlogos/ncaa/500/2348.png,espn,drafted,1985,1,13,UTAH,Utah Jazz,espn,true,,us,United States,wikipedia birthplace
3136195,Karl-Anthony Towns,C,32,espn,96,Kentucky,https://a.espncdn.com/i/teamlogos/ncaa/500/96.png,espn,drafted,2015,1,1,MIN,Minnesota Timberwolves,espn,true,,do,Dominican Republic,espn citizenship
6450,Kawhi Leonard,F,2,espn,21,San Diego State,https://a.espncdn.com/i/teamlogos/ncaa/500/21.png,espn,drafted,2011,1,15,IND,Indiana Pacers,espn,true,,us,United States,espn birthplace
869,Keith Van Horn,F,22,espn,254,Utah,https://a.espncdn.com/i/teamlogos/ncaa/500/254.png,espn,drafted,1997,1,2,PHI,Philadelphia 76ers,espn,true,,us,United States,espn birthplace
4395723,Keldon Johnson,F,3,espn,96,Kentucky,https://a.espncdn.com/i/teamlogos/ncaa/500/96.png,espn,drafted,2019,1,29,SA,San Antonio Spurs,espn,true,,us,United States,espn birthplace
6479,Kemba Walker,G,34,espn,41,UConn,https://a.espncdn.com/i/teamlogos/ncaa/500/41.png,espn,drafted,2011,1,9,CHAB,Charlotte Bobcats,espn,true,,us,United States,espn citizenship
269,Kendall Gill,F,99,espn,356,Illinois,https://a.espncdn.com/i/teamlogos/ncaa/500/356.png,espn,drafted,1990,1,5,CHH,Charlotte Hornets,espn,true,,us,United States,wikipedia birthplace
6607,Kendall Marshall,G,55,espn,153,North Carolina,https://a.espncdn.com/i/teamlogos/ncaa/500/153.png,espn,drafted,2012,1,13,PHX,Phoenix Suns,espn,true,,us,United States,wikipedia birthplace
15,Kenny Anderson,G,7,espn,59,Georgia Tech,https://a.espncdn.com/i/teamlogos/ncaa/500/59.png,espn,drafted,1991,1,2,NJ,New Jersey Nets,espn,true,,us,United States,espn birthplace
437,Kerry Kittles,G,30,espn,222,Villanova,https://a.espncdn.com/i/teamlogos/ncaa/500/222.png,espn,drafted,1996,1,8,NJ,New Jersey Nets,espn,true,,us,United States,espn birthplace
3202,Kevin Durant,F,7,espn,251,Texas,https://a.espncdn.com/i/teamlogos/ncaa/500/251.png,espn,drafted,2007,1,2,SEA,Seattle SuperSonics,espn,true,,us,United States,espn citizenship
261,Kevin Garnett,F,21,espn,,,,,drafted,1995,1,5,MIN,Minnesota Timberwolves,espn,true,,us,United States,wikipedia birthplace
391,Kevin Johnson,G,7,espn,25,California,https://a.espncdn.com/i/teamlogos/ncaa/500/25.png,espn,drafted,1987,1,7,CLE,Cleveland Cavaliers,espn,true,,us,United States,wikipedia birthplace
3449,Kevin Love,F,42,espn,26,UCLA,https://a.espncdn.com/i/teamlogos/ncaa/500/26.png,espn,drafted,2008,1,5,MEM,Memphis Grizzlies,espn,true,,us,United States,espn birthplace
2394,Kevin Martin,G,23,espn,2717,Western Carolina,https://a.espncdn.com/i/teamlogos/ncaa/500/2717.png,espn,drafted,2004,1,26,SAC,Sacramento Kings,espn,true,,us,United States,wikipedia birthplace
937,Kevin Willis,C,45,espn,127,Michigan State,https://a.espncdn.com/i/teamlogos/ncaa/500/127.png,espn,drafted,1984,1,11,ATL,Atlanta Hawks,espn,true,,us,United States,wikipedia birthplace
6609,Khris Middleton,F,22,espn,245,Texas A&M,https://a.espncdn.com/i/teamlogos/ncaa/500/245.png,espn,drafted,2012,2,39,DET,Detroit Pistons,espn,true,,us,United States,espn citizenship
1981,Kirk Hinrich,G,12,espn,2305,Kansas,https://a.espncdn.com/i/teamlogos/ncaa/500/2305.png,espn,drafted,2003,1,7,CHI,Chicago Bulls,espn,true,,us,United States,wikipedia birthplace
6475,Klay Thompson,G,11,wikipedia,265,Washington State,https://a.espncdn.com/i/teamlogos/ncaa/500/265.png,espn,drafted,2011,1,11,GS,Golden State Warriors,espn,true,,us,United States,espn citizenship
110,Kobe Bryant,F,24,espn,,,,,drafted,1996,1,13,CHH,Charlotte Hornets,espn,true,,us,United States,wikipedia birthplace
2433,Kris Humphries,F,43,espn,135,Minnesota,https://a.espncdn.com/i/teamlogos/ncaa/500/135.png,espn,drafted,2004,1,14,UTAH,Utah Jazz,espn,true,,us,United States,wikipedia birthplace
3102531,Kristaps Porzingis,C,7,espn,,,,,drafted,2015,1,4,NY,New York Knicks,espn,true,,lv,Latvia,espn birthplace
846,Kurt Thomas,F,40,espn,2628,TCU,https://a.espncdn.com/i/teamlogos/ncaa/500/2628.png,espn,drafted,1995,1,10,MIA,Miami Heat,espn,true,,us,United States,wikipedia birthplace
3134907,Kyle Kuzma,F,18,espn,254,Utah,https://a.espncdn.com/i/teamlogos/ncaa/500/254.png,espn,drafted,2017,1,27,BKN,Brooklyn Nets,espn,true,,us,United States,espn birthplace
3012,Kyle Lowry,G,7,espn,222,Villanova,https://a.espncdn.com/i/teamlogos/ncaa/500/222.png,espn,drafted,2006,1,24,MEM,Memphis Grizzlies,espn,true,,us,United States,espn birthplace
6442,Kyrie Irving,G,11,espn,150,Duke,https://a.espncdn.com/i/teamlogos/ncaa/500/150.png,espn,drafted,2011,1,1,CLE,Cleveland Cavaliers,espn,true,,us,United States,wikipedia nationality
617,Lamar Odom,F,,,227,Rhode Island,https://a.espncdn.com/i/teamlogos/ncaa/500/227.png,espn,drafted,1999,1,4,LAC,Los Angeles Clippers,espn,true,,us,United States,wikipedia birthplace
2983,LaMarcus Aldridge,C,21,espn,251,Texas,https://a.espncdn.com/i/teamlogos/ncaa/500/251.png,espn,drafted,2006,1,2,CHI,Chicago Bulls,espn,true,,us,United States,espn birthplace
4432816,LaMelo Ball,G,1,wikipedia,,,,,drafted,2020,1,3,CHH,Charlotte Hornets,espn,true,,us,United States,espn birthplace
229,LaPhonso Ellis,F,3,espn,87,Notre Dame,https://a.espncdn.com/i/teamlogos/ncaa/500/87.png,espn,drafted,1992,1,5,DEN,Denver Nuggets,espn,true,,us,United States,wikipedia birthplace
392,Larry D. Johnson,F,99,espn,110319,Odessa,,espn,drafted,1991,1,1,CHH,Charlotte Hornets,espn,true,,us,United States,espn birthplace
356,Larry Hughes,G,20,espn,139,Saint Louis,https://a.espncdn.com/i/teamlogos/ncaa/500/139.png,espn,drafted,1998,1,8,PHI,Philadelphia 76ers,espn,true,,us,United States,wikipedia birthplace
800,Latrell Sprewell,G,8,espn,333,Alabama,https://a.espncdn.com/i/teamlogos/ncaa/500/333.png,espn,drafted,1992,1,24,GS,Golden State Warriors,espn,true,,us,United States,wikipedia birthplace
4066336,Lauri Markkanen,F,23,espn,12,Arizona,https://a.espncdn.com/i/teamlogos/ncaa/500/12.png,espn,drafted,2017,1,7,MIN,Minnesota Timberwolves,espn,true,,fi,Finland,espn birthplace
1966,LeBron James,F,23,espn,,,,,drafted,2003,1,1,CLE,Cleveland Cavaliers,espn,true,,us,United States,espn birthplace
4066421,Lonzo Ball,G,2,espn,26,UCLA,https://a.espncdn.com/i/teamlogos/ncaa/500/26.png,espn,drafted,2017,1,2,LAL,Los Angeles Lakers,espn,true,,us,United States,espn birthplace
2799,Lou Williams,G,6,espn,,,,,drafted,2005,2,45,PHI,Philadelphia 76ers,espn,true,,us,United States,espn birthplace
875,Loy Vaught,F,35,espn,130,Michigan,https://a.espncdn.com/i/teamlogos/ncaa/500/130.png,espn,drafted,1990,1,13,LAC,Los Angeles Clippers,espn,true,,us,United States,wikipedia birthplace
1781,Luis Scola,F,4,espn,,,,,drafted,2002,2,56,SA,San Antonio Spurs,espn,true,,ar,Argentina,espn citizenship
3945274,Luka Doncic,G,77,espn,,,,,drafted,2018,1,3,ATL,Atlanta Hawks,espn,true,,si,Slovenia,espn birthplace
1985,Luke Ridnour,G,99,espn,2483,Oregon,https://a.espncdn.com/i/teamlogos/ncaa/500/2483.png,espn,drafted,2003,1,14,SEA,Seattle SuperSonics,espn,true,,us,United States,wikipedia birthplace
2429,Luol Deng,F,9,espn,150,Duke,https://a.espncdn.com/i/teamlogos/ncaa/500/150.png,espn,drafted,2004,1,7,PHX,Phoenix Suns,espn,true,,ss,South Sudan,wikipedia nationality
1,Mahmoud Abdul-Rauf,G,1,espn,99,LSU,https://a.espncdn.com/i/teamlogos/ncaa/500/99.png,espn,drafted,1990,1,3,DEN,Denver Nuggets,espn,true,,us,United States,espn birthplace
2566769,Malcolm Brogdon,G,5,espn,258,Virginia,https://a.espncdn.com/i/teamlogos/ncaa/500/258.png,espn,drafted,2016,2,36,MIL,Milwaukee Bucks,espn,true,,us,United States,espn birthplace
272,Manu Ginobili,G,20,espn,,,,,drafted,1999,2,57,SA,San Antonio Spurs,espn,true,,ar,Argentina,espn birthplace
3206,Marc Gasol,C,14,espn,,,,,drafted,2007,2,48,LAL,Los Angeles Lakers,espn,true,,es,Spain,espn citizenship
2758,Marcin Gortat,C,13,espn,,,,,drafted,2005,2,57,PHX,Phoenix Suns,espn,true,,pl,Poland,wikipedia nationality
125,Marcus Camby,C,21,espn,113,Massachusetts,https://a.espncdn.com/i/teamlogos/ncaa/500/113.png,espn,drafted,1996,1,2,TOR,Toronto Raptors,espn,true,,us,United States,espn birthplace
4017,Marcus Thornton,G,10,espn,3252,Kilgore College,,espn,drafted,2009,2,43,MIA,Miami Heat,espn,true,,us,United States,espn birthplace
370,Mark Jackson,G,31,espn,2599,St. John's,https://a.espncdn.com/i/teamlogos/ncaa/500/2599.png,espn,drafted,1987,1,18,NY,New York Knicks,espn,true,,us,United States,wikipedia birthplace
6428,MarShon Brooks,G,8,espn,2507,Providence,https://a.espncdn.com/i/teamlogos/ncaa/500/2507.png,espn,drafted,2011,1,25,BOS,Boston Celtics,espn,true,,us,United States,wikipedia birthplace
837,Maurice Taylor,F,24,espn,130,Michigan,https://a.espncdn.com/i/teamlogos/ncaa/500/130.png,espn,drafted,1997,1,14,LAC,Los Angeles Clippers,espn,true,,us,United States,wikipedia birthplace
1014,Mehmet Okur,C,13,espn,,,,,drafted,2001,2,38,DET,Detroit Pistons,espn,true,,tr,Turkey,espn birthplace
25,Metta World Peace,F,37,espn,2599,St. John's,https://a.espncdn.com/i/teamlogos/ncaa/500/2599.png,espn,drafted,1999,1,16,CHI,Chicago Bulls,espn,true,,,,
3418,Michael Beasley,F,30,espn,2306,Kansas State,https://a.espncdn.com/i/teamlogos/ncaa/500/2306.png,espn,drafted,2008,1,2,MIA,Miami Heat,espn,true,,us,United States,espn birthplace
203,Michael Dickerson,G,8,espn,12,Arizona,https://a.espncdn.com/i/teamlogos/ncaa/500/12.png,espn,drafted,1998,1,14,HOU,Houston Rockets,espn,true,,us,United States,wikipedia birthplace
242,Michael Finley,G,,,275,Wisconsin,https://a.espncdn.com/i/teamlogos/ncaa/500/275.png,espn,drafted,1995,1,21,PHX,Phoenix Suns,espn,true,,us,United States,espn birthplace
1035,Michael Jordan,G,23,espn,153,North Carolina,https://a.espncdn.com/i/teamlogos/ncaa/500/153.png,espn,drafted,1984,1,3,CHI,Chicago Bulls,espn,true,,us,United States,espn birthplace
621,Michael Olowokandi,C,41,espn,,Pacific,,wikipedia (no logo),drafted,1998,1,1,LAC,Los Angeles Clippers,espn,true,,ng,Nigeria,espn birthplace
692,Michael Redd,G,22,espn,194,Ohio State,https://a.espncdn.com/i/teamlogos/ncaa/500/194.png,espn,drafted,2000,2,43,MIL,Milwaukee Bucks,espn,true,,us,United States,wikipedia birthplace
61,Mike Bibby,G,99,espn,12,Arizona,https://a.espncdn.com/i/teamlogos/ncaa/500/12.png,espn,drafted,1998,1,2,VAN,Vancouver Grizzlies,espn,true,,us,United States,espn birthplace
3195,Mike Conley,G,45,espn,194,Ohio State,https://a.espncdn.com/i/teamlogos/ncaa/500/194.png,espn,drafted,2007,1,4,MEM,Memphis Grizzlies,espn,true,,us,United States,espn birthplace
1051,Mike James,G,8,espn,2184,Duquesne,https://a.espncdn.com/i/teamlogos/ncaa/500/2184.png,espn,undrafted,1998,,,,,wikipedia infobox,true,"Wikipedia draft team """" not in nba_draft_teams.csv",us,United States,wikipedia birthplace
558,Mike Miller,G,3,espn,57,Florida,https://a.espncdn.com/i/teamlogos/ncaa/500/57.png,espn,drafted,2000,1,5,ORL,Orlando Magic,espn,true,,us,United States,wikipedia birthplace
4066383,Miles Bridges,F,22,wikipedia,127,Michigan State,https://a.espncdn.com/i/teamlogos/ncaa/500/127.png,espn,drafted,2018,1,12,LAC,Los Angeles Clippers,espn,true,,us,United States,espn birthplace
704,Mitch Richmond,G,23,espn,2306,Kansas State,https://a.espncdn.com/i/teamlogos/ncaa/500/2306.png,espn,drafted,1988,1,5,GS,Golden State Warriors,espn,true,,us,United States,wikipedia birthplace
2751,Monta Ellis,G,11,espn,,,,,drafted,2005,2,40,GS,Golden State Warriors,espn,true,,us,United States,wikipedia birthplace
868,Nick Van Exel,G,31,espn,2132,Cincinnati,https://a.espncdn.com/i/teamlogos/ncaa/500/2132.png,espn,drafted,1993,2,37,LAL,Los Angeles Lakers,espn,true,,us,United States,espn birthplace
3243,Nick Young,G,,,30,USC,https://a.espncdn.com/i/teamlogos/ncaa/500/30.png,espn,drafted,2007,1,16,WSH,Washington Wizards,espn,true,,us,United States,wikipedia birthplace
3112335,Nikola Jokic,C,15,espn,,,,,drafted,2014,2,41,DEN,Denver Nuggets,espn,true,,rs,Serbia,espn citizenship
6478,Nikola Vucevic,C,9,espn,30,USC,https://a.espncdn.com/i/teamlogos/ncaa/500/30.png,espn,drafted,2011,1,16,PHI,Philadelphia 76ers,espn,true,,me,Montenegro,espn citizenship
2595516,Norman Powell,G,24,wikipedia,26,UCLA,https://a.espncdn.com/i/teamlogos/ncaa/500/26.png,espn,drafted,2015,2,46,MIL,Milwaukee Bucks,espn,true,,us,United States,espn birthplace
3450,O.J. Mayo,G,3,espn,30,USC,https://a.espncdn.com/i/teamlogos/ncaa/500/30.png,espn,drafted,2008,1,3,MIN,Minnesota Timberwolves,espn,true,,us,United States,wikipedia birthplace
3414,Omer Asik,C,3,espn,,,,,drafted,2008,2,36,POR,Portland Trail Blazers,espn,true,,tr,Turkey,espn birthplace
4432573,Paolo Banchero,F,5,espn,150,Duke,https://a.espncdn.com/i/teamlogos/ncaa/500/150.png,espn,drafted,2022,1,1,ORL,Orlando Magic,espn,true,,us,United States,wikipedia nationality
3149673,Pascal Siakam,F,43,espn,166,New Mexico State,https://a.espncdn.com/i/teamlogos/ncaa/500/166.png,espn,drafted,2016,1,27,TOR,Toronto Raptors,espn,true,,cm,Cameroon,espn birthplace
237,Patrick Ewing,C,6,espn,46,Georgetown,https://a.espncdn.com/i/teamlogos/ncaa/500/46.png,espn,drafted,1985,1,1,NY,New York Knicks,espn,true,,jm,Jamaica,espn birthplace
996,Pau Gasol,F,16,espn,,,,,drafted,2001,1,3,ATL,Atlanta Hawks,espn,true,,es,Spain,espn birthplace
4251,Paul George,F,13,espn,278,Fresno State,https://a.espncdn.com/i/teamlogos/ncaa/500/278.png,espn,drafted,2010,1,10,IND,Indiana Pacers,espn,true,,us,United States,espn citizenship
3015,Paul Millsap,F,8,espn,2348,Louisiana Tech,https://a.espncdn.com/i/teamlogos/ncaa/500/2348.png,espn,drafted,2006,2,47,UTAH,Utah Jazz,espn,true,,us,United States,espn birthplace
662,Paul Pierce,F,34,espn,2305,Kansas,https://a.espncdn.com/i/teamlogos/ncaa/500/2305.png,espn,drafted,1998,1,10,BOS,Boston Celtics,espn,true,,us,United States,espn birthplace
813,Peja Stojakovic,F,16,espn,,,,,drafted,1996,1,14,SAC,Sacramento Kings,espn,true,,rs,Serbia,wikipedia nationality
401,Popeye Jones,C,,,93,Murray State,https://a.espncdn.com/i/teamlogos/ncaa/500/93.png,espn,drafted,1992,2,41,HOU,Houston Rockets,espn,true,,us,United States,espn birthplace
11,Rafer Alston,G,,,278,Fresno State,https://a.espncdn.com/i/teamlogos/ncaa/500/278.png,espn,drafted,1998,2,39,MIL,Milwaukee Bucks,espn,true,,us,United States,wikipedia birthplace
3026,Rajon Rondo,G,1,espn,96,Kentucky,https://a.espncdn.com/i/teamlogos/ncaa/500/96.png,espn,drafted,2006,1,21,PHX,Phoenix Suns,espn,true,,us,United States,espn birthplace
469,Rashard Lewis,F,9,espn,,,,,drafted,1998,2,32,SEA,Seattle SuperSonics,espn,true,,us,United States,wikipedia birthplace
883,Rasheed Wallace,F,36,espn,153,North Carolina,https://a.espncdn.com/i/teamlogos/ncaa/500/153.png,espn,drafted,1995,1,4,WSB,Washington Bullets,espn,true,,us,United States,wikipedia birthplace
9,Ray Allen,G,34,espn,41,UConn,https://a.espncdn.com/i/teamlogos/ncaa/500/41.png,espn,drafted,1996,1,5,MIN,Minnesota Timberwolves,espn,true,,us,United States,espn birthplace
2753,Raymond Felton,G,2,espn,153,North Carolina,https://a.espncdn.com/i/teamlogos/ncaa/500/153.png,espn,drafted,2005,1,5,CHAB,Charlotte Bobcats,espn,true,,us,United States,wikipedia birthplace
1828,Reggie Evans,C,30,espn,2294,Iowa,https://a.espncdn.com/i/teamlogos/ncaa/500/2294.png,espn,undrafted,2002,,,,,wikipedia infobox,true,"Wikipedia draft team """" not in nba_draft_teams.csv",us,United States,wikipedia birthplace
6443,Reggie Jackson,G,,,103,Boston College,https://a.espncdn.com/i/teamlogos/ncaa/500/103.png,espn,drafted,2011,1,24,OKC,Oklahoma City Thunder,espn,true,,us,United States,wikipedia nationality
552,Reggie Miller,G,31,espn,26,UCLA,https://a.espncdn.com/i/teamlogos/ncaa/500/26.png,espn,drafted,1987,1,11,IND,Indiana Pacers,espn,true,,us,United States,wikipedia birthplace
294,Richard Hamilton,G,32,espn,41,UConn,https://a.espncdn.com/i/teamlogos/ncaa/500/41.png,espn,drafted,1999,1,7,WSH,Washington Wizards,espn,true,,us,United States,espn birthplace
1006,Richard Jefferson,F,22,espn,12,Arizona,https://a.espncdn.com/i/teamlogos/ncaa/500/12.png,espn,drafted,2001,1,13,HOU,Houston Rockets,espn,true,,us,United States,wikipedia birthplace
193,Ricky Davis,G,31,espn,2294,Iowa,https://a.espncdn.com/i/teamlogos/ncaa/500/2294.png,espn,drafted,1998,1,21,CHH,Charlotte Hornets,espn,true,,us,United States,wikipedia birthplace
4011,Ricky Rubio,G,,,,,,,drafted,2009,1,5,MIN,Minnesota Timberwolves,espn,true,,es,Spain,espn citizenship
795,Rik Smits,C,45,espn,2368,Marist,https://a.espncdn.com/i/teamlogos/ncaa/500/2368.png,espn,drafted,1988,1,2,IND,Indiana Pacers,espn,true,,nl,Netherlands,espn birthplace
4395625,RJ Barrett,F,9,espn,150,Duke,https://a.espncdn.com/i/teamlogos/ncaa/500/150.png,espn,drafted,2019,1,3,NY,New York Knicks,espn,true,,ca,Canada,espn birthplace
818,Rod Strickland,G,31,espn,305,DePaul,https://a.espncdn.com/i/teamlogos/ncaa/500/305.png,espn,drafted,1988,1,19,NY,New York Knicks,espn,true,,us,United States,espn birthplace
546,Ron Mercer,G,1,espn,96,Kentucky,https://a.espncdn.com/i/teamlogos/ncaa/500/96.png,espn,drafted,1997,1,6,BOS,Boston Celtics,espn,true,,us,United States,espn birthplace
3005,Rudy Gay,F,33,espn,41,UConn,https://a.espncdn.com/i/teamlogos/ncaa/500/41.png,espn,drafted,2006,1,8,HOU,Houston Rockets,espn,true,,us,United States,espn birthplace
3032976,Rudy Gobert,C,27,espn,,,,,drafted,2013,1,27,DEN,Denver Nuggets,espn,true,,fr,France,espn citizenship
3468,Russell Westbrook,G,18,espn,26,UCLA,https://a.espncdn.com/i/teamlogos/ncaa/500/26.png,espn,drafted,2008,1,4,SEA,Seattle SuperSonics,espn,true,,us,United States,espn birthplace
3412,Ryan Anderson,F,33,espn,25,California,https://a.espncdn.com/i/teamlogos/ncaa/500/25.png,espn,drafted,2008,1,21,NJ,New Jersey Nets,espn,true,,us,United States,wikipedia birthplace
138,Sam Cassell,G,,,52,Florida State,https://a.espncdn.com/i/teamlogos/ncaa/500/52.png,espn,drafted,1993,1,24,HOU,Houston Rockets,espn,true,,us,United States,espn birthplace
663,Scottie Pippen,F,33,espn,2110,Central Arkansas,https://a.espncdn.com/i/teamlogos/ncaa/500/2110.png,espn,drafted,1987,1,5,SEA,Seattle SuperSonics,espn,true,,us,United States,wikipedia birthplace
225,Sean Elliott,F,32,espn,12,Arizona,https://a.espncdn.com/i/teamlogos/ncaa/500/12.png,espn,drafted,1989,1,3,SA,San Antonio Spurs,espn,true,,us,United States,espn birthplace
4278073,Shai Gilgeous-Alexander,G,2,espn,96,Kentucky,https://a.espncdn.com/i/teamlogos/ncaa/500/96.png,espn,drafted,2018,1,11,CHH,Charlotte Hornets,espn,true,,ca,Canada,espn birthplace
614,Shaquille O'Neal,C,36,espn,99,LSU,https://a.espncdn.com/i/teamlogos/ncaa/500/99.png,espn,drafted,1992,1,1,ORL,Orlando Magic,espn,true,,us,United States,espn birthplace
3,Shareef Abdur-Rahim,F,3,espn,25,California,https://a.espncdn.com/i/teamlogos/ncaa/500/25.png,espn,drafted,1996,1,3,VAN,Vancouver Grizzlies,espn,true,,us,United States,wikipedia birthplace
420,Shawn Kemp,C,40,espn,,,,,drafted,1989,1,17,SEA,Seattle SuperSonics,espn,true,,us,United States,wikipedia birthplace
510,Shawn Marion,G,31,espn,2439,UNLV,https://a.espncdn.com/i/teamlogos/ncaa/500/2439.png,espn,drafted,1999,1,9,PHX,Phoenix Suns,espn,true,,us,United States,wikipedia birthplace
4066269,Skylar Mays,G,,,99,LSU,https://a.espncdn.com/i/teamlogos/ncaa/500/99.png,espn,drafted,2020,2,50,ATL,Atlanta Hawks,espn,true,,us,United States,espn birthplace
2580782,Spencer Dinwiddie,G,26,espn,38,Colorado,https://a.espncdn.com/i/teamlogos/ncaa/500/38.png,espn,drafted,2014,2,38,DET,Detroit Pistons,espn,true,,us,United States,espn birthplace
3975,Stephen Curry,G,30,espn,2166,Davidson,https://a.espncdn.com/i/teamlogos/ncaa/500/2166.png,espn,drafted,2009,1,7,GS,Golden State Warriors,espn,true,,us,United States,espn birthplace
378,Stephen Jackson,F,1,espn,,,,,drafted,1997,2,43,PHX,Phoenix Suns,espn,true,,us,United States,wikipedia birthplace
509,Stephon Marbury,G,8,espn,59,Georgia Tech,https://a.espncdn.com/i/teamlogos/ncaa/500/59.png,espn,drafted,1996,1,4,MIL,Milwaukee Bucks,espn,true,,us,United States,wikipedia birthplace
255,Steve Francis,G,23,espn,120,Maryland,https://a.espncdn.com/i/teamlogos/ncaa/500/120.png,espn,drafted,1999,1,2,VAN,Vancouver Grizzlies,espn,true,,us,United States,wikipedia birthplace
592,Steve Nash,G,10,espn,2541,Santa Clara,https://a.espncdn.com/i/teamlogos/ncaa/500/2541.png,espn,drafted,1996,1,15,PHX,Phoenix Suns,espn,true,,ca,Canada,wikipedia nationality
781,Steve Smith,G,8,espn,127,Michigan State,https://a.espncdn.com/i/teamlogos/ncaa/500/127.png,espn,drafted,1991,1,5,MIA,Miami Heat,espn,true,,us,United States,wikipedia birthplace
2991235,Steven Adams,C,12,espn,221,Pittsburgh,https://a.espncdn.com/i/teamlogos/ncaa/500/221.png,espn,drafted,2013,1,12,OKC,Oklahoma City Thunder,espn,true,,nz,New Zealand,espn birthplace
1979,T.J. Ford,G,,,251,Texas,https://a.espncdn.com/i/teamlogos/ncaa/500/251.png,espn,drafted,2003,1,8,MIL,Milwaukee Bucks,espn,true,,us,United States,wikipedia birthplace
2982334,T.J. Warren,F,21,espn,152,NC State,https://a.espncdn.com/i/teamlogos/ncaa/500/152.png,espn,drafted,2014,1,14,PHX,Phoenix Suns,espn,true,,us,United States,espn birthplace
92,Terrell Brandon,G,,,2483,Oregon,https://a.espncdn.com/i/teamlogos/ncaa/500/2483.png,espn,drafted,1991,1,11,CLE,Cleveland Cavaliers,espn,true,,us,United States,wikipedia birthplace
3074752,Terry Rozier,G,2,espn,97,Louisville,https://a.espncdn.com/i/teamlogos/ncaa/500/97.png,espn,drafted,2015,1,16,BOS,Boston Celtics,espn,true,,us,United States,espn birthplace
3244,Thaddeus Young,F,30,espn,59,Georgia Tech,https://a.espncdn.com/i/teamlogos/ncaa/500/59.png,espn,drafted,2007,1,12,PHI,Philadelphia 76ers,espn,true,,us,United States,espn birthplace
215,Tim Duncan,C,21,espn,154,Wake Forest,https://a.espncdn.com/i/teamlogos/ncaa/500/154.png,espn,drafted,1997,1,1,SA,San Antonio Spurs,espn,true,,vi,U.S. Virgin Islands,espn birthplace
301,Tim Hardaway,G,14,espn,2638,UTEP,https://a.espncdn.com/i/teamlogos/ncaa/500/2638.png,espn,drafted,1989,1,14,GS,Golden State Warriors,espn,true,,us,United States,wikipedia birthplace
6440,Tobias Harris,F,23,wikipedia,2633,Tennessee,https://a.espncdn.com/i/teamlogos/ncaa/500/2633.png,espn,drafted,2011,1,19,CHAB,Charlotte Bobcats,espn,true,,us,United States,espn birthplace
287,Tom Gugliotta,F,7,espn,152,NC State,https://a.espncdn.com/i/teamlogos/ncaa/500/152.png,espn,drafted,1992,1,6,WSB,Washington Bullets,espn,true,,us,United States,wikipedia birthplace
446,Toni Kukoc,F,7,espn,,,,,drafted,1990,2,29,CHI,Chicago Bulls,espn,true,,hr,Croatia,wikipedia nationality
1015,Tony Parker,G,9,espn,,,,,drafted,2001,1,28,SA,San Antonio Spurs,espn,true,,fr,France,espn citizenship
6630,Tony Wroten,G,14,espn,264,Washington,https://a.espncdn.com/i/teamlogos/ncaa/500/264.png,espn,drafted,2012,1,25,MEM,Memphis Grizzlies,espn,true,,us,United States,wikipedia birthplace
532,Tracy McGrady,G,1,espn,,,,,drafted,1997,1,9,TOR,Toronto Raptors,espn,true,,us,United States,wikipedia birthplace
4277905,Trae Young,G,3,espn,201,Oklahoma,https://a.espncdn.com/i/teamlogos/ncaa/500/201.png,espn,drafted,2018,1,5,DAL,Dallas Mavericks,espn,true,,us,United States,espn birthplace
4397688,Trey Murphy III,F,25,espn,258,Virginia,https://a.espncdn.com/i/teamlogos/ncaa/500/258.png,espn,drafted,2021,1,17,MEM,Memphis Grizzlies,espn,true,,us,United States,espn birthplace
1013,Troy Murphy,F,6,espn,87,Notre Dame,https://a.espncdn.com/i/teamlogos/ncaa/500/87.png,espn,drafted,2001,1,14,GS,Golden State Warriors,espn,true,,us,United States,espn birthplace
4000,Ty Lawson,G,4,espn,153,North Carolina,https://a.espncdn.com/i/teamlogos/ncaa/500/153.png,espn,drafted,2009,1,18,MIN,Minnesota Timberwolves,espn,true,,us,United States,wikipedia birthplace
4395725,Tyler Herro,G,,,96,Kentucky,https://a.espncdn.com/i/teamlogos/ncaa/500/96.png,espn,drafted,2019,1,13,MIA,Miami Heat,espn,true,,us,United States,espn birthplace
3983,Tyreke Evans,G,12,espn,235,Memphis,https://a.espncdn.com/i/teamlogos/ncaa/500/235.png,espn,drafted,2009,1,4,SAC,Sacramento Kings,espn,true,,us,United States,espn birthplace
4396993,Tyrese Haliburton,G,0,wikipedia,66,Iowa State,https://a.espncdn.com/i/teamlogos/ncaa/500/66.png,espn,drafted,2020,1,12,SAC,Sacramento Kings,espn,true,,us,United States,espn birthplace
4431678,Tyrese Maxey,G,0,wikipedia,96,Kentucky,https://a.espncdn.com/i/teamlogos/ncaa/500/96.png,espn,drafted,2020,1,21,PHI,Philadelphia 76ers,espn,true,,us,United States,espn birthplace
73,Tyrone Bogues,G,1,espn,154,Wake Forest,https://a.espncdn.com/i/teamlogos/ncaa/500/154.png,espn,drafted,1987,1,12,WSB,Washington Bullets,espn,true,,,,
334,Tyrone Hill,F,32,espn,2752,Xavier,https://a.espncdn.com/i/teamlogos/ncaa/500/2752.png,espn,drafted,1990,1,11,GS,Golden State Warriors,espn,true,,us,United States,wikipedia birthplace
984,Tyson Chandler,C,19,espn,,,,,drafted,2001,1,2,LAC,Los Angeles Clippers,espn,true,,us,United States,wikipedia birthplace
3135046,Tyus Jones,G,5,espn,150,Duke,https://a.espncdn.com/i/teamlogos/ncaa/500/150.png,espn,drafted,2015,1,24,CLE,Cleveland Cavaliers,espn,true,,us,United States,espn birthplace
2527963,Victor Oladipo,G,52,espn,84,Indiana,https://a.espncdn.com/i/teamlogos/ncaa/500/84.png,espn,drafted,2013,1,2,ORL,Orlando Magic,espn,true,,us,United States,espn birthplace
5104157,Victor Wembanyama,F,1,espn,,,,,drafted,2023,1,1,SA,San Antonio Spurs,espn,true,,fr,France,espn birthplace
34,Vin Baker,F,42,espn,42,Hartford,https://a.espncdn.com/i/teamlogos/ncaa/500/42.png,espn,drafted,1993,1,8,MIL,Milwaukee Bucks,espn,true,,us,United States,espn birthplace
136,Vince Carter,G,15,espn,153,North Carolina,https://a.espncdn.com/i/teamlogos/ncaa/500/153.png,espn,drafted,1998,1,5,GS,Golden State Warriors,espn,true,,us,United States,wikipedia birthplace
4433136,Walker Kessler,C,14,wikipedia,2,Auburn,https://a.espncdn.com/i/teamlogos/ncaa/500/2.png,espn,drafted,2022,1,22,MEM,Memphis Grizzlies,espn,true,,us,United States,espn birthplace
831,Wally Szczerbiak,G,10,espn,193,Miami (OH),https://a.espncdn.com/i/teamlogos/ncaa/500/193.png,espn,drafted,1999,1,6,MIN,Minnesota Timberwolves,espn,true,,us,United States,wikipedia nationality
1722,Yao Ming,C,11,espn,,,,,drafted,2002,1,1,HOU,Houston Rockets,espn,true,,cn,China,espn birthplace
3064440,Zach LaVine,G,8,espn,26,UCLA,https://a.espncdn.com/i/teamlogos/ncaa/500/26.png,espn,drafted,2014,1,13,MIN,Minnesota Timberwolves,espn,true,,us,United States,espn birthplace
1017,Zach Randolph,F,50,espn,127,Michigan State,https://a.espncdn.com/i/teamlogos/ncaa/500/127.png,espn,drafted,2001,1,19,POR,Portland Trail Blazers,espn,true,,us,United States,wikipedia birthplace
4066377,Zavier Simpson,G,,,130,Michigan,https://a.espncdn.com/i/teamlogos/ncaa/500/130.png,espn,undrafted,2020,,,,,wikipedia infobox,true,"Wikipedia draft team """" not in nba_draft_teams.csv",us,United States,espn birthplace
4395628,Zion Williamson,F,1,espn,150,Duke,https://a.espncdn.com/i/teamlogos/ncaa/500/150.png,espn,drafted,2019,1,1,NO,New Orleans Pelicans,espn,true,,us,United States,espn birthplace
