espn_id,person_id,display_name,included,espn_headshot,photo_source,photo_license,photo_approved,notes
7,moon-warren,Warren Moon,true,false,,,false,
8,cunningham-randall,Randall Cunningham,true,false,,,false,
9,testaverde-vinny,Vinny Testaverde,true,false,,,false,
12,rice-jerry,Jerry Rice,true,false,,,false,
18,beuerlein-steve,Steve Beuerlein,true,false,,,false,
22,brister-bubby,Bubby Brister,true,false,,,false,
26,feagles-jeff,Jeff Feagles,true,false,,,false,
27,harbaugh-jim,Jim Harbaugh,true,true,,,false,
29,chandler-chris,Chris Chandler,true,false,,,false,
30,rypien-mark,Mark Rypien,true,false,,,false,
33,gannon-rich,Rich Gannon,true,false,,,false,
35,flutie-doug,Doug Flutie,true,false,,,false,
42,tupa-tom,Tom Tupa,true,false,,,false,
44,johnson-lee,Lee Johnson,true,false,,,false,
53,aikman-troy,Troy Aikman,true,false,,,false,
59,peete-rodney,Rodney Peete,true,false,,,false,
69,george-jeff,Jeff George,true,false,,,false,
72,smith-emmitt,Emmitt Smith,true,false,,,false,
74,mitchell-scott,Scott Mitchell,true,false,,,false,
76,friesz-john,John Friesz,true,false,,,false,
90,proehl-ricky,Ricky Proehl,true,false,,,false,
97,stryzinski-dan,Dan Stryzinski,true,false,,,false,
102,mitchell-brian,Brian Mitchell,true,false,,,false,
112,favre-brett,Brett Favre,true,true,,,false,
118,mohr-chris,Chris Mohr,true,false,,,false,
127,o-donnell-neil,Neil O'Donnell,true,false,,,false,
131,royals-mark,Mark Royals,true,false,,,false,
137,barker-bryan,Bryan Barker,true,false,,,false,
228,aguiar-louis,Louis Aguiar,true,false,,,false,
269,gardocki-chris,Chris Gardocki,true,false,,,false,
276,mccardell-keenan,Keenan McCardell,true,true,,,false,
279,maddox-tommy,Tommy Maddox,true,false,,,false,
321,detmer-ty,Ty Detmer,true,false,,,false,
331,johnson-brad,Brad Johnson,true,false,,,false,
334,small-torrance,Torrance Small,true,false,,,false,
337,graham-kent,Kent Graham,true,false,,,false,
341,blake-jeff,Jeff Blake,true,false,,,false,
367,brown-dave,Dave Brown,true,false,,,false,
389,bettis-jerome,Jerome Bettis,true,false,,,false,
391,kirby-terry,Terry Kirby,true,false,,,false,
393,bledsoe-drew,Drew Bledsoe,true,false,,,false,
398,mirer-rick,Rick Mirer,true,false,,,false,
399,grbac-elvis,Elvis Grbac,true,false,,,false,
445,brunell-mark,Mark Brunell,true,true,,,false,
458,anderson-richie,Richie Anderson,true,true,,,false,
478,green-trent,Trent Green,true,false,,,false,
516,wycheck-frank,Frank Wycheck,true,false,,,false,
520,matthews-shane,Shane Matthews,true,false,,,false,
525,pederson-doug,Doug Pederson,true,false,,,false,
526,bartrum-mike,Mike Bartrum,true,false,,,false,
530,van-pelt-alex,Alex Van Pelt,true,false,,,false,
531,martin-jamie,Jamie Martin,true,false,,,false,
538,hentrich-craig,Craig Hentrich,true,false,,,false,
548,faulk-marshall,Marshall Faulk,true,false,,,false,
551,warren-lamont,Lamont Warren,true,false,,,false,
554,boyer-brant,Brant Boyer,true,false,,,false,
580,miller-jim,Jim Miller,true,false,,,false,
603,smith-lamar,Lamar Smith,true,false,,,false,
619,berger-mitch,Mitch Berger,true,false,,,false,
622,frerotte-gus,Gus Frerotte,true,false,,,false,
637,levens-dorsey,Dorsey Levens,true,false,,,false,
640,schroeder-bill,Bill Schroeder,true,false,,,false,
649,dilfer-trent,Trent Dilfer,true,false,,,false,
658,bruce-isaac,Isaac Bruce,true,false,,,false,
712,fiedler-jay,Jay Fiedler,true,false,,,false,
726,wilkins-jeff,Jeff Wilkins,true,false,,,false,
733,mcnair-steve,Steve McNair,true,false,,,false,
734,collins-kerry,Kerry Collins,true,true,,,false,
735,collins-todd,Todd Collins,true,true,,,false,
736,stewart-kordell,Kordell Stewart,true,false,,,false,
740,stewart-james,James Stewart,true,false,,,false,
744,dilger-ken,Ken Dilger,true,false,,,false,
749,sanders-frank,Frank Sanders,true,false,,,false,
751,galloway-joey,Joey Galloway,true,true,,,false,
760,case-stoney,Stoney Case,true,false,,,false,
768,sauerbrun-todd,Todd Sauerbrun,true,false,,,false,
775,martin-curtis,Curtis Martin,true,false,,,false,
780,zeier-eric,Eric Zeier,true,false,,,false,
789,johnson-rob,Rob Johnson,true,false,,,false,
796,chrebet-wayne,Wayne Chrebet,true,false,,,false,
833,bennett-darren,Darren Bennett,true,false,,,false,
838,turk-matt,Matt Turk,true,true,,,false,
866,smith-rod,Rod Smith,true,false,,,false,
924,johnson-keyshawn,Keyshawn Johnson,true,false,,,false,
925,alstott-mike,Mike Alstott,true,false,,,false,
927,banks-tony,Tony Banks,true,false,,,false,
940,glenn-terry,Terry Glenn,true,false,,,false,
975,kanell-danny,Danny Kanell,true,false,,,false,
977,hoying-bobby,Bobby Hoying,true,false,,,false,
993,huntley-richard,Richard Huntley,true,false,,,false,
1015,lewis-jeff,Jeff Lewis,true,false,,,false,
1042,horn-joe,Joe Horn,true,false,,,false,
1047,lewis-jermaine,Jermaine Lewis,true,false,,,false,
1097,vinatieri-adam,Adam Vinatieri,true,true,,,false,
1099,miller-josh,Josh Miller,true,false,,,false,
1100,doering-chris,Chris Doering,true,false,,,false,
1161,lucas-ray,Ray Lucas,true,false,,,false,
1162,holcomb-kelly,Kelly Holcomb,true,false,,,false,
1177,plummer-jake,Jake Plummer,true,false,,,false,
1196,dillon-corey,Corey Dillon,true,false,,,false,
1210,lockett-kevin,Kevin Lockett,true,false,,,false,
1218,barber-tiki,Tiki Barber,true,true,,,false,
1231,gonzalez-tony,Tony Gonzalez,true,true,,,false,
1252,maynard-brad,Brad Maynard,true,true,,,false,
1264,wuerffel-danny,Danny Wuerffel,true,false,,,false,
1266,johnson-leon,Leon Johnson,true,false,,,false,
1306,holmes-priest,Priest Holmes,true,false,,,false,
1328,longwell-ryan,Ryan Longwell,true,true,,,false,
1340,walter-ken,Ken Walter,true,false,,,false,
1383,kitna-jon,Jon Kitna,true,true,,,false,
1393,patten-david,David Patten,true,true,,,false,
1395,richardson-kyle,Kyle Richardson,true,false,,,false,
1398,huard-damon,Damon Huard,true,false,,,false,
1411,chancey-robert,Robert Chancey,true,false,,,false,
1417,bouman-todd,Todd Bouman,true,false,,,false,
1420,allen-james,James Allen,true,false,,,false,
1427,leaf-ryan,Ryan Leaf,true,false,,,false,
1428,manning-peyton,Peyton Manning,true,true,,,false,
1432,green-ahman,Ahman Green,true,false,,,false,
1433,moss-randy,Randy Moss,true,true,,,false,
1440,dawson-phil,Phil Dawson,true,true,,,false,
1490,batch-charlie,Charlie Batch,true,true,,,false,
1492,hakim-az-zahir,Az-Zahir Hakim,true,false,,,false,
1493,griese-brian,Brian Griese,true,false,,,false,
1494,ward-hines,Hines Ward,true,true,,,false,
1575,hasselbeck-matt,Matt Hasselbeck,true,true,,,false,
1610,moreno-moses,Moses Moreno,true,false,,,false,
1639,quinn-jonathan,Jonathan Quinn,true,false,,,false,
1682,warner-kurt,Kurt Warner,true,false,,,false,
1683,detmer-koy,Koy Detmer,true,false,,,false,
1693,delhomme-jake,Jake Delhomme,true,true,,,false,
1716,akers-david,David Akers,true,true,,,false,
1737,craig-dameyune,Dameyune Craig,true,false,,,false,
1752,couch-tim,Tim Couch,true,false,,,false,
1753,mcnabb-donovan,Donovan McNabb,true,true,,,false,
1754,smith-akili,Akili Smith,true,false,,,false,
1756,williams-ricky,Ricky Williams,true,true,,,false,
1762,culpepper-daunte,Daunte Culpepper,true,false,,,false,
1763,mcnown-cade,Cade McNown,true,false,,,false,
1784,johnson-kevin,Kevin Johnson,true,false,,,false,
1798,faulk-kevin,Kevin Faulk,true,true,,,false,
1799,sauter-cory,Cory Sauter,true,false,,,false,
1803,king-shaun,Shaun King,true,false,,,false,
1806,price-peerless,Peerless Price,true,false,,,false,
1830,huard-brock,Brock Huard,true,false,,,false,
1831,booker-marty,Marty Booker,true,false,,,false,
1833,gramatica-martin,Martin Gramatica,true,false,,,false,
1884,brooks-aaron,Aaron Brooks,true,false,,,false,
1963,smith-hunter,Hunter Smith,true,true,,,false,
1980,bishop-michael,Michael Bishop,true,false,,,false,
1992,greisen-chris,Chris Greisen,true,false,,,false,
1998,covington-scott,Scott Covington,true,false,,,false,
2021,mack-stacey,Stacey Mack,true,false,,,false,
2026,garcia-jeff,Jeff Garcia,true,false,,,false,
2053,wright-anthony,Anthony Wright,true,false,,,false,
2055,saturday-jeff,Jeff Saturday,true,true,,,false,
2138,jones-thomas,Thomas Jones,true,true,,,false,
2140,urlacher-brian,Brian Urlacher,true,true,,,false,
2145,franks-bubba,Bubba Franks,true,false,,,false,
2149,pennington-chad,Chad Pennington,true,true,,,false,
2152,morris-sylvester,Sylvester Morris,true,false,,,false,
2163,northcutt-dennis,Dennis Northcutt,true,true,,,false,
2206,redman-chris,Chris Redman,true,true,,,false,
2273,lechler-shane,Shane Lechler,true,true,,,false,
2284,hall-dante,Dante Hall,true,false,,,false,
2294,martin-tee,Tee Martin,true,false,,,false,
2299,bulger-marc,Marc Bulger,true,true,,,false,
2305,edinger-paul,Paul Edinger,true,false,,,false,
2314,wynn-spergon,Spergon Wynn,true,false,,,false,
2330,brady-tom,Tom Brady,true,true,,,false,
2333,husak-todd,Todd Husak,true,false,,,false,
2343,rattay-tim,Tim Rattay,true,false,,,false,
2344,green-mike,Mike Green,true,false,,,false,
2345,jackson-jarious,Jarious Jackson,true,false,,,false,
2387,knorr-micah,Micah Knorr,true,false,,,false,
2405,johnson-doug,Doug Johnson,true,false,,,false,
2411,thompson-kevin,Kevin Thompson,true,false,,,false,
2417,looker-dane,Dane Looker,true,false,,,false,
2440,volek-billy,Billy Volek,true,true,,,false,
2474,lytle-matt,Matt Lytle,true,false,,,false,
2480,stoerner-clint,Clint Stoerner,true,false,,,false,
2512,hartsell-mark,Mark Hartsell,true,false,,,false,
2519,brown-travis,Travis Brown,true,false,,,false,
2549,vick-mike,Mike Vick,true,true,,,false,
2553,tomlinson-ladainian,LaDainian Tomlinson,true,true,,,false,
2563,gardner-rod,Rod Gardner,true,false,,,false,
2571,mcallister-deuce,Deuce McAllister,true,false,,,false,
2573,mitchell-freddie,Freddie Mitchell,true,false,,,false,
2578,wayne-reggie,Reggie Wayne,true,true,,,false,
2579,heap-todd,Todd Heap,true,true,,,false,
2580,brees-drew,Drew Brees,true,true,,,false,
2584,johnson-chad,Chad Johnson,true,true,,,false,
2597,jordan-lamont,LaMont Jordan,true,false,,,false,
2601,carter-quincy,Quincy Carter,true,false,,,false,
2606,henry-travis,Travis Henry,true,false,,,false,
2607,tuiasosopo-marques,Marques Tuiasosopo,true,false,,,false,
2622,smith-sr-steve,Steve Smith Sr.,true,true,,,false,
2635,hasselbeck-tim,Tim Hasselbeck,true,false,,,false,
2655,weinke-chris,Chris Weinke,true,false,,,false,
2658,rosenfels-sage,Sage Rosenfels,true,true,,,false,
2669,harris-nick,Nick Harris,true,true,,,false,
2674,palmer-jesse,Jesse Palmer,true,false,,,false,
2698,mcmahon-mike,Mike McMahon,true,false,,,false,
2704,feeley-a-j,A.J. Feeley,true,true,,,false,
2718,wilson-cedrick,Cedrick Wilson,true,false,,,false,
2724,brown-dee,Dee Brown,true,false,,,false,
2797,moorman-brian,Brian Moorman,true,true,,,false,
2816,cason-aveion,Aveion Cason,true,false,,,false,
2856,burris-henry,Henry Burris,true,false,,,false,
2898,bennett-drew,Drew Bennett,true,false,,,false,
3529,carr-david,David Carr,true,true,,,false,
3531,harrington-joey,Joey Harrington,true,false,,,false,
3546,duckett-t-j,T.J. Duckett,true,false,,,false,
3560,ramsey-patrick,Patrick Ramsey,true,true,,,false,
3561,gaffney-jabar,Jabar Gaffney,true,true,,,false,
3562,foster-deshaun,DeShaun Foster,true,false,,,false,
3576,caldwell-reche,Reche Caldwell,true,false,,,false,
3579,portis-clinton,Clinton Portis,true,true,,,false,
3590,randle-el-antwaan,Antwaan Randle El,true,true,,,false,
3609,mccown-josh,Josh McCown,true,true,,,false,
3619,westbrook-brian,Brian Westbrook,true,true,,,false,
3636,garrard-david,David Garrard,true,true,,,false,
3640,zastudil-dave,Dave Zastudil,true,true,,,false,
3645,davey-rohan,Rohan Davey,true,false,,,false,
3665,fasani-randy,Randy Fasani,true,false,,,false,
3686,kittner-kurt,Kurt Kittner,true,false,,,false,
3692,nall-craig,Craig Nall,true,false,,,false,
3734,curry-ronald,Ronald Curry,true,false,,,false,
3745,o-sullivan-j-t,J.T. O'Sullivan,true,true,,,false,
3757,givens-david,David Givens,true,false,,,false,
3776,peterson-adrian,Adrian Peterson,true,false,,,false,
3784,taylor-chester,Chester Taylor,true,true,,,false,
3790,hutchinson-chad,Chad Hutchinson,true,false,,,false,
4242,fisher-tony,Tony Fisher,true,false,,,false,
4260,hill-shaun,Shaun Hill,true,true,,,false,
4268,gray-sr-quinn,Quinn Gray Sr.,true,false,,,false,
4291,jackson-frisman,Frisman Jackson,true,false,,,false,
4341,johnson-dirk,Dirk Johnson,true,false,,,false,
4396,hymes-randy,Randy Hymes,true,false,,,false,
4413,dantzler-woody,Woody Dantzler,true,false,,,false,
4459,palmer-carson,Carson Palmer,true,true,,,false,
4465,leftwich-byron,Byron Leftwich,true,true,,,false,
4477,boller-kyle,Kyle Boller,true,true,,,false,
4480,grossman-rex,Rex Grossman,true,true,,,false,
4485,johnson-larry,Larry Johnson,true,true,,,false,
4512,boldin-anquan,Anquan Boldin,true,true,,,false,
4527,witten-jason,Jason Witten,true,true,,,false,
4546,ragone-dave,Dave Ragone,true,false,,,false,
4551,brown-chris,Chris Brown,true,false,,,false,
4555,simms-chris,Chris Simms,true,true,,,false,
4559,williams-domanick,Domanick Williams,true,false,,,false,
4568,wallace-seneca,Seneca Wallace,true,true,,,false,
4582,lloyd-brandon,Brandon Lloyd,true,true,,,false,
4590,toefield-labrandon,LaBrandon Toefield,true,false,,,false,
4607,scifres-mike,Mike Scifres,true,true,,,false,
4621,st-pierre-brian,Brian St. Pierre,true,false,,,false,
4650,henson-drew,Drew Henson,true,false,,,false,
4655,battle-arnaz,Arnaz Battle,true,true,,,false,
4658,bollinger-brooks,Brooks Bollinger,true,false,,,false,
4659,kingsbury-kliff,Kliff Kingsbury,true,false,,,false,
4680,brown-josh,Josh Brown,true,true,,,false,
4690,hamdan-gibran,Gibran Hamdan,true,false,,,false,
4699,dorsey-ken,Ken Dorsey,true,false,,,false,
4780,banks-brandon,Brandon Banks,true,true,,,false,
4950,graham-earnest,Earnest Graham,true,true,,,false,
5051,lemon-cleo,Cleo Lemon,true,false,,,false,
5096,mcbriar-mat,Mat McBriar,true,true,,,false,
5209,romo-tony,Tony Romo,true,true,,,false,
5286,urban-jerheme,Jerheme Urban,true,true,,,false,
5412,lewis-greg,Greg Lewis,true,true,,,false,
5526,manning-eli,Eli Manning,true,true,,,false,
5528,fitzgerald-larry,Larry Fitzgerald,true,true,,,false,
5529,rivers-philip,Philip Rivers,true,true,,,false,
5532,williams-roy,Roy Williams,true,true,,,false,
5536,roethlisberger-ben,Ben Roethlisberger,true,true,,,false,
5538,evans-lee,Lee Evans,true,true,,,false,
5540,clayton-michael,Michael Clayton,true,true,,,false,
5547,losman-j-p,J.P. Losman,true,true,,,false,
5549,jackson-steven,Steven Jackson,true,true,,,false,
5612,sander-b-j,B.J. Sander,true,false,,,false,
5615,schaub-matt,Matt Schaub,true,true,,,false,
5631,mccown-luke,Luke McCown,true,true,,,false,
5644,moore-mewelde,Mewelde Moore,true,true,,,false,
5673,krenzel-craig,Craig Krenzel,true,false,,,false,
5713,lee-andy,Andy Lee,true,true,,,false,
5718,sorgi-jim,Jim Sorgi,true,true,,,false,
5727,navarre-john,John Navarre,true,false,,,false,
5733,echemandu-adimchinobe,Adimchinobe Echemandu,true,false,,,false,
5741,crayton-patrick,Patrick Crayton,true,true,,,false,
5742,pickett-cody,Cody Pickett,true,false,,,false,
5749,jones-donnie,Donnie Jones,true,true,,,false,
5750,mauck-matt,Matt Mauck,true,false,,,false,
5775,van-pelt-bradlee,Bradlee Van Pelt,true,false,,,false,
5880,parker-willie,Willie Parker,true,true,,,false,
6094,lorenzen-jared,Jared Lorenzen,true,false,,,false,
8416,smith-alex,Alex Smith,true,true,,,false,
8417,brown-ronnie,Ronnie Brown,true,true,,,false,
8418,edwards-braylon,Braylon Edwards,true,true,,,false,
8436,jones-matt,Matt Jones,true,true,,,false,
8437,clayton-mark,Mark Clayton,true,true,,,false,
8439,rodgers-aaron,Aaron Rodgers,true,true,,,false,
8440,campbell-jason,Jason Campbell,true,true,,,false,
8453,bradley-mark,Mark Bradley,true,true,,,false,
8458,arrington-j-j,J.J. Arrington,true,true,,,false,
8469,parrish-roscoe,Roscoe Parrish,true,true,,,false,
8481,frye-charlie,Charlie Frye,true,true,,,false,
8483,walter-andrew,Andrew Walter,true,false,,,false,
8513,colquitt-dustin,Dustin Colquitt,true,true,,,false,
8520,orton-kyle,Kyle Orton,true,true,,,false,
8523,barber-marion,Marion Barber,true,true,,,false,
8559,orlovsky-dan,Dan Orlovsky,true,true,,,false,
8627,anderson-derek,Derek Anderson,true,true,,,false,
8644,cassel-matt,Matt Cassel,true,true,,,false,
8664,fitzpatrick-ryan,Ryan Fitzpatrick,true,true,,,false,
9263,koenen-michael,Michael Koenen,true,true,,,false,
9270,cribbs-joshua,Joshua Cribbs,true,true,,,false,
9291,graham-ben,Ben Graham,true,true,,,false,
9296,kluwe-chris,Chris Kluwe,true,true,,,false,
9354,gould-robbie,Robbie Gould,true,true,,,false,
9400,moore-lance,Lance Moore,true,true,,,false,
9410,holiday-carlyle,Carlyle Holiday,true,false,,,false,
9588,bush-reggie,Reggie Bush,true,true,,,false,
9589,young-vince,Vince Young,true,true,,,false,
9596,leinart-matt,Matt Leinart,true,true,,,false,
9597,cutler-jay,Jay Cutler,true,true,,,false,
9611,holmes-santonio,Santonio Holmes,true,true,,,false,
9616,addai-joseph,Joseph Addai,true,true,,,false,
9635,clemens-kellen,Kellen Clemens,true,true,,,false,
9646,jones-drew-maurice,Maurice Jones-Drew,true,true,,,false,
9650,jackson-tarvaris,Tarvaris Jackson,true,true,,,false,
9665,norwood-jerious,Jerious Norwood,true,true,,,false,
9667,whitehurst-charlie,Charlie Whitehurst,true,true,,,false,
9671,croyle-brodie,Brodie Croyle,true,true,,,false,
9686,robinson-michael,Michael Robinson,true,true,,,false,
9689,smith-brad,Brad Smith,true,true,,,false,
9703,washington-leon,Leon Washington,true,true,,,false,
9705,marshall-brandon,Brandon Marshall,true,true,,,false,
9730,hagans-marques,Marques Hagans,true,true,,,false,
9780,gradkowski-bruce,Bruce Gradkowski,true,true,,,false,
9789,koch-sam,Sam Koch,true,true,,,false,
9858,basanez-brett,Brett Basanez,true,false,,,false,
9859,baskett-hank,Hank Baskett,true,true,,,false,
10127,weatherford-steve,Steve Weatherford,true,true,,,false,
10152,berlin-brock,Brock Berlin,true,false,,,false,
10195,jackson-fred,Fred Jackson,true,true,,,false,
10238,ryan-jon,Jon Ryan,true,true,,,false,
10327,spurlock-micheal,Micheal Spurlock,true,true,,,false,
10446,russell-jamarcus,JaMarcus Russell,true,true,,,false,
10453,ginn-jr-ted,Ted Ginn Jr.,true,true,,,false,
10456,lynch-marshawn,Marshawn Lynch,true,true,,,false,
10466,quinn-brady,Brady Quinn,true,true,,,false,
10480,kolb-kevin,Kevin Kolb,true,true,,,false,
10481,weddle-eric,Eric Weddle,true,true,,,false,
10484,beck-john,John Beck,true,true,,,false,
10487,stanton-drew,Drew Stanton,true,true,,,false,
10488,rice-sidney,Sidney Rice,true,true,,,false,
10536,edwards-trent,Trent Edwards,true,true,,,false,
10544,bush-michael,Michael Bush,true,true,,,false,
10545,podlesh-adam,Adam Podlesh,true,true,,,false,
10556,sepulveda-daniel,Daniel Sepulveda,true,true,,,false,
10585,breaston-steve,Steve Breaston,true,true,,,false,
10615,naanee-legedu,Legedu Naanee,true,true,,,false,
10617,smith-troy,Troy Smith,true,true,,,false,
10648,palmer-jordan,Jordan Palmer,true,true,,,false,
10660,thigpen-tyler,Tyler Thigpen,true,true,,,false,
10668,fields-brandon,Brandon Fields,true,true,,,false,
10719,palko-tyler,Tyler Palko,true,true,,,false,
10764,gutierrez-matt,Matt Gutierrez,true,false,,,false,
10848,castille-tim,Tim Castille,true,true,,,false,
10971,bartel-richard,Richard Bartel,true,true,,,false,
11122,prater-matt,Matt Prater,true,true,,,false,
11128,moore-matt,Matt Moore,true,true,,,false,
11237,ryan-matt,Matt Ryan,true,true,,,false,
11238,mcfadden-darren,Darren McFadden,true,true,,,false,
11252,flacco-joe,Joe Flacco,true,true,,,false,
11258,johnson-chris,Chris Johnson,true,true,,,false,
11276,royal-eddie,Eddie Royal,true,true,,,false,
11278,forte-matt,Matt Forte,true,true,,,false,
11283,jackson-desean,DeSean Jackson,true,true,,,false,
11289,rice-ray,Ray Rice,true,true,,,false,
11290,brohm-brian,Brian Brohm,true,true,,,false,
11291,henne-chad,Chad Henne,true,true,,,false,
11328,o-connell-kevin,Kevin O'Connell,true,true,,,false,
11390,dixon-dennis,Dennis Dixon,true,true,,,false,
11394,johnson-josh,Josh Johnson,true,true,,,false,
11408,morgan-josh,Josh Morgan,true,true,,,false,
11439,garcon-pierre,Pierre Garcon,true,true,,,false,
11443,flynn-matt,Matt Flynn,true,true,,,false,
11461,hillis-peyton,Peyton Hillis,true,true,,,false,
11540,hanie-caleb,Caleb Hanie,true,true,,,false,
11555,kern-brett,Brett Kern,true,true,,,false,
11674,amendola-danny,Danny Amendola,true,true,,,false,
11717,reece-marcel,Marcel Reece,true,true,,,false,
12021,logan-stefan,Stefan Logan,true,true,,,false,
12466,brandstater-tom,Tom Brandstater,true,true,,,false,
12471,daniel-chase,Chase Daniel,true,true,,,false,
12473,freeman-josh,Josh Freeman,true,true,,,false,
12475,harrell-graham,Graham Harrell,true,true,,,false,
12477,hoyer-brian,Brian Hoyer,true,true,,,false,
12478,mcgee-stephen,Stephen McGee,true,true,,,false,
12479,painter-curtis,Curtis Painter,true,true,,,false,
12482,sanchez-mark,Mark Sanchez,true,true,,,false,
12483,stafford-matthew,Matthew Stafford,true,true,,,false,
12485,white-pat,Pat White,true,true,,,false,
12497,foster-arian,Arian Foster,true,true,,,false,
12576,lafell-brandon,Brandon LaFell,true,true,,,false,
12579,maclin-jeremy,Jeremy Maclin,true,true,,,false,
12581,massaquoi-mohamed,Mohamed Massaquoi,true,true,,,false,
12601,wallace-mike,Mike Wallace,true,true,,,false,
12649,edelman-julian,Julian Edelman,true,true,,,false,
12689,mcafee-pat,Pat McAfee,true,true,,,false,
12701,morstead-thomas,Thomas Morstead,true,true,,,false,
12709,null-keith,Keith Null,true,true,,,false,
12724,scott-bernard,Bernard Scott,true,true,,,false,
12773,colquitt-britton,Britton Colquitt,true,true,,,false,
12998,masthay-tim,Tim Masthay,true,true,,,false,
13197,bradford-sam,Sam Bradford,true,true,,,false,
13198,clausen-jimmy,Jimmy Clausen,true,true,,,false,
13199,mccoy-colt,Colt McCoy,true,true,,,false,
13200,tebow-tim,Tim Tebow,true,true,,,false,
13201,pike-tony,Tony Pike,true,true,,,false,
13205,best-jahvid,Jahvid Best,true,true,,,false,
13215,bryant-dez,Dez Bryant,true,true,,,false,
13216,thomas-demaryius,Demaryius Thomas,true,true,,,false,
13217,tate-golden,Golden Tate,true,true,,,false,
13271,decker-eric,Eric Decker,true,true,,,false,
13275,edwards-armanti,Armanti Edwards,true,true,,,false,
13295,sanders-emmanuel,Emmanuel Sanders,true,true,,,false,
13319,brown-levi,Levi Brown,true,true,,,false,
13397,kafka-mike,Mike Kafka,true,true,,,false,
13448,schillinger-shann,Shann Schillinger,true,true,,,false,
13458,skelton-john,John Skelton,true,true,,,false,
13459,smith-rusty,Rusty Smith,true,true,,,false,
13484,webb-joe,Joe Webb,true,true,,,false,
13489,williams-mike,Mike Williams,true,true,,,false,
13576,hall-max,Max Hall,true,true,,,false,
13606,lewis-thaddeus,Thaddeus Lewis,true,true,,,false,
13662,walters-bryan,Bryan Walters,true,true,,,false,
13934,brown-antonio,Antonio Brown,true,true,,,false,
13935,alexander-danario,Danario Alexander,true,true,,,false,
13966,ponder-christian,Christian Ponder,true,true,,,false,
13969,locker-jake,Jake Locker,true,true,,,false,
13980,peterson-patrick,Patrick Peterson,true,true,,,false,
13987,gabbert-blaine,Blaine Gabbert,true,true,,,false,
13994,newton-cam,Cam Newton,true,true,,,false,
14001,kaepernick-colin,Colin Kaepernick,true,true,,,false,
14005,murray-demarco,DeMarco Murray,true,true,,,false,
14012,dalton-andy,Andy Dalton,true,true,,,false,
14017,vereen-shane,Shane Vereen,true,true,,,false,
14037,mallett-ryan,Ryan Mallett,true,true,,,false,
14053,cobb-randall,Randall Cobb,true,true,,,false,
14101,mcelroy-greg,Greg McElroy,true,true,,,false,
14114,yates-t-j,T.J. Yates,true,true,,,false,
14129,powell-bilal,Bilal Powell,true,true,,,false,
14151,kerley-jeremy,Jeremy Kerley,true,true,,,false,
14163,taylor-tyrod,Tyrod Taylor,true,true,,,false,
14184,shorts-iii-cecil,Cecil Shorts III,true,true,,,false,
14221,baldwin-doug,Doug Baldwin,true,true,,,false,
14260,henry-chas,Chas Henry,true,true,,,false,
14342,lanning-spencer,Spencer Lanning,true,true,,,false,
14353,tolzien-scott,Scott Tolzien,true,true,,,false,
14402,hogan-chris,Chris Hogan,true,true,,,false,
14723,jones-chris,Chris Jones,true,true,,,false,
14851,pryor-sr-terrelle,Terrelle Pryor Sr.,true,true,,,false,
14874,luck-andrew,Andrew Luck,true,true,,,false,
14875,griffin-iii-robert,Robert Griffin III,true,true,,,false,
14876,tannehill-ryan,Ryan Tannehill,true,true,,,false,
14877,foles-nick,Nick Foles,true,true,,,false,
14878,weeden-brandon,Brandon Weeden,true,true,,,false,
14879,osweiler-brock,Brock Osweiler,true,true,,,false,
14880,cousins-kirk,Kirk Cousins,true,true,,,false,
14881,wilson-russell,Russell Wilson,true,true,,,false,
14882,moore-kellen,Kellen Moore,true,true,,,false,
14883,lindley-ryan,Ryan Lindley,true,true,,,false,
14922,sanu-mohamed,Mohamed Sanu,true,true,,,false,
14924,hilton-t-y,T.Y. Hilton,true,true,,,false,
14939,poe-dontari,Dontari Poe,true,true,,,false,
14950,anger-bryan,Bryan Anger,true,true,,,false,
15051,nortman-brad,Brad Nortman,true,true,,,false,
15062,benjamin-travis,Travis Benjamin,true,true,,,false,
15113,bush-josh,Josh Bush,true,true,,,false,
15153,hekker-johnny,Johnny Hekker,true,true,,,false,
15162,davis-dominique,Dominique Davis,true,true,,,false,
15168,keenum-case,Case Keenum,true,true,,,false,
15187,davis-austin,Austin Davis,true,true,,,false,
15213,golden-robert,Robert Golden,true,true,,,false,
15349,beasley-cole,Cole Beasley,true,true,,,false,
15407,simms-matt,Matt Simms,true,true,,,false,
15428,kearse-jermaine,Jermaine Kearse,true,true,,,false,
15457,cadet-travaris,Travaris Cadet,true,true,,,false,
15501,rainey-jr-bobby,Bobby Rainey Jr.,true,true,,,false,
15616,quigley-ryan,Ryan Quigley,true,true,,,false,
15632,grimes-jonathan,Jonathan Grimes,true,true,,,false,
15683,tucker-justin,Justin Tucker,true,true,,,false,
15693,tanney-alex,Alex Tanney,true,true,,,false,
15705,gordon-josh,Josh Gordon,true,true,,,false,
15782,banjo-chris,Chris Banjo,true,true,,,false,
15786,austin-tavon,Tavon Austin,true,true,,,false,
15795,hopkins-deandre,DeAndre Hopkins,true,true,,,false,
15803,manuel-ej,EJ Manuel,true,true,,,false,
15807,patterson-cordarrelle,Cordarrelle Patterson,true,true,,,false,
15818,allen-keenan,Keenan Allen,true,true,,,false,
15825,bell-le-veon,Le'Veon Bell,true,true,,,false,
15837,glennon-mike,Mike Glennon,true,true,,,false,
15847,kelce-travis,Travis Kelce,true,true,,,false,
15864,smith-geno,Geno Smith,true,true,,,false,
15891,nassib-ryan,Ryan Nassib,true,true,,,false,
15894,renfree-sean,Sean Renfree,true,true,,,false,
15899,daniels-b-j,B.J. Daniels,true,true,,,false,
15904,jones-landry,Landry Jones,true,true,,,false,
15921,barner-kenjon,Kenjon Barner,true,true,,,false,
15928,martin-sam,Sam Martin,true,true,,,false,
15948,barkley-matt,Matt Barkley,true,true,,,false,
15951,robinson-denard,Denard Robinson,true,true,,,false,
15968,james-mike,Mike James,true,true,,,false,
15971,burkhead-rex,Rex Burkhead,true,true,,,false,
16016,stills-kenny,Kenny Stills,true,true,,,false,
16022,sanders-ace,Ace Sanders,true,true,,,false,
16140,griffin-ryan,Ryan Griffin,true,true,,,false,
16166,way-tress,Tress Way,true,true,,,false,
16237,tuel-jeff,Jeff Tuel,true,true,,,false,
16241,wing-brad,Brad Wing,true,true,,,false,
16252,bray-tyler,Tyler Bray,true,true,,,false,
16323,gray-marqueis,MarQueis Gray,true,true,,,false,
16593,mcgloin-matt,Matt McGloin,true,true,,,false,
16724,bortles-blake,Blake Bortles,true,true,,,false,
16725,watkins-sammy,Sammy Watkins,true,true,,,false,
16728,bridgewater-teddy,Teddy Bridgewater,true,true,,,false,
16732,ebron-eric,Eric Ebron,true,true,,,false,
16733,beckham-jr-odell,Odell Beckham Jr.,true,true,,,false,
16736,manziel-johnny,Johnny Manziel,true,true,,,false,
16757,carr-derek,Derek Carr,true,true,,,false,
16760,garoppolo-jimmy,Jimmy Garoppolo,true,true,,,false,
16779,huff-josh,Josh Huff,true,true,,,false,
16782,mckinnon-jerick,Jerick McKinnon,true,true,,,false,
16787,lee-marqise,Marqise Lee,true,true,,,false,
16790,landry-jarvis,Jarvis Landry,true,true,,,false,
16804,brown-john,John Brown,true,true,,,false,
16809,gilbert-garrett,Garrett Gilbert,true,true,,,false,
16810,mccarron-aj,AJ McCarron,true,true,,,false,
16813,thomas-logan,Logan Thomas,true,true,,,false,
16814,mettenberger-zach,Zach Mettenberger,true,true,,,false,
16821,fales-david,David Fales,true,true,,,false,
16863,o-donnell-pat,Pat O'Donnell,true,true,,,false,
16913,white-james,James White,true,true,,,false,
16943,savage-tom,Tom Savage,true,true,,,false,
16946,ellington-bruce,Bruce Ellington,true,true,,,false,
16956,grice-marion,Marion Grice,true,true,,,false,
17051,wilson-albert,Albert Wilson,true,true,,,false,
17105,andrews-antonio,Antonio Andrews,true,true,,,false,
17247,shaw-connor,Connor Shaw,true,true,,,false,
17258,snead-iv-willie,Willie Snead IV,true,true,,,false,
17372,boswell-chris,Chris Boswell,true,true,,,false,
17427,santos-cairo,Cairo Santos,true,true,,,false,
17475,palardy-michael,Michael Palardy,true,true,,,false,
2466005,petty-bryce,Bryce Petty,true,true,,,false,
2468609,hill-taysom,Taysom Hill,true,true,,,false,
2511109,siemian-trevor,Trevor Siemian,true,true,,,false,
2517017,mannion-sean,Sean Mannion,true,true,,,false,
2520698,meredith-cameron,Cameron Meredith,true,true,,,false,
2565969,heinicke-taylor,Taylor Heinicke,true,true,,,false,
2573079,wentz-carson,Carson Wentz,true,true,,,false,
2574056,byard-kevin,Kevin Byard,true,true,,,false,
2574511,allen-brandon,Brandon Allen,true,true,,,false,
2574630,driskel-jeff,Jeff Driskel,true,true,,,false,
2575164,killebrew-miles,Miles Killebrew,true,true,,,false,
2575910,boykin-trevone,Trevone Boykin,true,true,,,false,
2576261,cook-connor,Connor Cook,true,true,,,false,
2576716,crowder-jamison,Jamison Crowder,true,true,,,false,
2576980,mariota-marcus,Marcus Mariota,true,true,,,false,
2577128,hogan-kevin,Kevin Hogan,true,true,,,false,
2577189,hundley-brett,Brett Hundley,true,true,,,false,
2577243,kessler-cody,Cody Kessler,true,true,,,false,
2577417,prescott-dak,Dak Prescott,true,true,,,false,
2577619,dixon-riley,Riley Dixon,true,true,,,false,
2577684,mcevoy-tanner,Tanner McEvoy,true,true,,,false,
2577808,jennings-darius,Darius Jennings,true,true,,,false,
2578570,brissett-jacoby,Jacoby Brissett,true,true,,,false,
2579604,dorsett-ii-phillip,Phillip Dorsett II,true,true,,,false,
2579840,farley-matthias,Matthias Farley,true,true,,,false,
2582324,long-ty,Ty Long,true,true,,,false,
2582424,rudock-jake,Jake Rudock,true,true,,,false,
2969939,winston-jameis,Jameis Winston,true,true,,,false,
2969962,johnson-duke,Duke Johnson,true,true,,,false,
2971051,morrison-antonio,Antonio Morrison,true,true,,,false,
2971618,agholor-nelson,Nelson Agholor,true,true,,,false,
2972236,peterman-nathan,Nathan Peterman,true,true,,,false,
2972515,rush-cooper,Cooper Rush,true,true,,,false,
2976212,diggs-stefon,Stefon Diggs,true,true,,,false,
2976299,jones-cardale,Cardale Jones,true,true,,,false,
2976499,cooper-amari,Amari Cooper,true,true,,,false,
2977187,kupp-cooper,Cooper Kupp,true,true,,,false,
2977800,erickson-alex,Alex Erickson,true,true,,,false,
2977881,lynch-paxton,Paxton Lynch,true,true,,,false,
2978109,pascal-zach,Zach Pascal,true,true,,,false,
2979501,sudfeld-nate,Nate Sudfeld,true,true,,,false,
2979520,beathard-c-j,C.J. Beathard,true,true,,,false,
2980077,williams-jonathan,Jonathan Williams,true,true,,,false,
2991662,hollins-mack,Mack Hollins,true,true,,,false,
3039707,trubisky-mitchell,Mitchell Trubisky,true,true,,,false,
3040035,ward-greg,Greg Ward,true,true,,,false,
3040206,streveler-chris,Chris Streveler,true,true,,,false,
3042749,woodside-logan,Logan Woodside,true,true,,,false,
3042876,finley-ryan,Ryan Finley,true,true,,,false,
3043078,henry-derrick,Derrick Henry,true,true,,,false,
3043237,haack-matt,Matt Haack,true,true,,,false,
3044720,dobbs-joshua,Joshua Dobbs,true,true,,,false,
3044729,reeves-maybin-jalen,Jalen Reeves-Maybin,true,true,,,false,
3045144,boyd-tyler,Tyler Boyd,true,true,,,false,
3045169,boyle-tim,Tim Boyle,true,true,,,false,
3045523,bourne-kendrick,Kendrick Bourne,true,true,,,false,
3046779,goff-jared,Jared Goff,true,true,,,false,
3048897,cooper-pharoh,Pharoh Cooper,true,true,,,false,
3049872,lauletta-kyle,Kyle Lauletta,true,true,,,false,
3050015,wadman-colby,Colby Wadman,true,true,,,false,
3050478,elliott-jake,Jake Elliott,true,true,,,false,
3050487,miller-anthony,Anthony Miller,true,true,,,false,
3051308,walker-pj,PJ Walker,true,true,,,false,
3051381,white-mike,Mike White,true,true,,,false,
3051392,elliott-ezekiel,Ezekiel Elliott,true,true,,,false,
3052061,falk-luke,Luke Falk,true,true,,,false,
3052587,mayfield-baker,Baker Mayfield,true,true,,,false,
3052600,webb-davis,Davis Webb,true,true,,,false,
3054212,smith-jonnu,Jonnu Smith,true,true,,,false,
3054850,kamara-alvin,Alvin Kamara,true,true,,,false,
3059722,jones-zay,Zay Jones,true,true,,,false,
3059989,mullens-nick,Nick Mullens,true,true,,,false,
3061612,agnew-jamal,Jamal Agnew,true,true,,,false,
3061740,edwards-lachlan,Lachlan Edwards,true,true,,,false,
3066158,cohen-tarik,Tarik Cohen,true,true,,,false,
3071572,cole-sr-keelan,Keelan Cole Sr.,true,true,,,false,
3078660,callahan-joe,Joe Callahan,true,true,,,false,
3115252,grier-will,Will Grier,true,true,,,false,
3115293,allen-kyle,Kyle Allen,true,true,,,false,
3115364,fournette-leonard,Leonard Fournette,true,true,,,false,
3115378,gage-jr-russell,Russell Gage Jr.,true,true,,,false,
3115480,cooke-logan,Logan Cooke,true,true,,,false,
3116164,gesicki-mike,Mike Gesicki,true,true,,,false,
3116165,godwin-jr-chris,Chris Godwin Jr.,true,true,,,false,
3116172,mcsorley-trace,Trace McSorley,true,true,,,false,
3116188,blough-david,David Blough,true,true,,,false,
3116385,mixon-joe,Joe Mixon,true,true,,,false,
3116406,hill-tyreek,Tyreek Hill,true,true,,,false,
3116407,rudolph-mason,Mason Rudolph,true,true,,,false,
3116721,samuels-jaylen,Jaylen Samuels,true,true,,,false,
3117251,mccaffrey-christian,Christian McCaffrey,true,true,,,false,
3120590,stick-easton,Easton Stick,true,true,,,false,
3122840,watson-deshaun,Deshaun Watson,true,true,,,false,
3123075,berrios-braxton,Braxton Berrios,true,true,,,false,
3124092,wolford-john,John Wolford,true,true,,,false,
3124900,luton-jake,Jake Luton,true,true,,,false,
3125107,beck-andrew,Andrew Beck,true,true,,,false,
3126246,hilliard-dontrell,Dontrell Hilliard,true,true,,,false,
3126368,scott-jk,JK Scott,true,true,,,false,
3126486,samuel-sr-deebo,Deebo Samuel Sr.,true,true,,,false,
3126997,kennedy-tom,Tom Kennedy,true,true,,,false,
3127051,hodges-devlin,Devlin Hodges,true,true,,,false,
3127306,pettis-dante,Dante Pettis,true,true,,,false,
3128390,lazard-allen,Allen Lazard,true,true,,,false,
3128429,sutton-courtland,Courtland Sutton,true,true,,,false,
3128724,mckenzie-isaiah,Isaiah McKenzie,true,true,,,false,
3129302,kizer-deshone,DeShone Kizer,true,true,,,false,
3139477,mahomes-patrick,Patrick Mahomes,true,true,,,false,
3672862,johnson-jaquan,Jaquan Johnson,true,true,,,false,
3675812,perkins-bryce,Bryce Perkins,true,true,,,false,
3686689,cole-aj,AJ Cole,true,true,,,false,
3700815,hinton-kendall,Kendall Hinton,true,true,,,false,
3722362,rypien-brett,Brett Rypien,true,true,,,false,
3886377,rosen-josh,Josh Rosen,true,true,,,false,
3886812,browning-jake,Jake Browning,true,true,,,false,
3892775,stidham-jarrett,Jarrett Stidham,true,true,,,false,
3892889,westbrook-dede,Dede Westbrook,true,true,,,false,
3895785,dinucci-ben,Ben DiNucci,true,true,,,false,
3895856,kirk-christian,Christian Kirk,true,true,,,false,
3912547,darnold-sam,Sam Darnold,true,true,,,false,
3914922,sanchez-rigoberto,Rigoberto Sanchez,true,true,,,false,
3915398,townsend-tommy,Tommy Townsend,true,true,,,false,
3915416,moore-dj,DJ Moore,true,true,,,false,
3915511,burrow-joe,Joe Burrow,true,true,,,false,
3916204,proche-ii-james,James Proche II,true,true,,,false,
3916370,fox-jack,Jack Fox,true,true,,,false,
3916387,jackson-lamar,Lamar Jackson,true,true,,,false,
3916433,meyers-jakobi,Jakobi Meyers,true,true,,,false,
3917315,murray-kyler,Kyler Murray,true,true,,,false,
3917792,jones-daniel,Daniel Jones,true,true,,,false,
3917960,sims-steven,Steven Sims,true,true,,,false,
3918298,allen-josh,Josh Allen,true,true,,,false,
3924327,lock-drew,Drew Lock,true,true,,,false,
3924357,charlton-joseph,Joseph Charlton,true,true,,,false,
4034946,trask-kyle,Kyle Trask,true,true,,,false,
4034948,franks-feleipe,Feleipe Franks,true,true,,,false,
4035003,eason-jacob,Jacob Eason,true,true,,,false,
4035239,mann-braden,Braden Mann,true,true,,,false,
4035312,brown-jr-anthony,Anthony Brown Jr.,true,true,,,false,
4035538,montgomery-david,David Montgomery,true,true,,,false,
4035671,huntley-tyler,Tyler Huntley,true,true,,,false,
4036163,harmon-kelvin,Kelvin Harmon,true,true,,,false,
4036335,wilson-jr-cedrick,Cedrick Wilson Jr.,true,true,,,false,
4036378,love-jordan,Jordan Love,true,true,,,false,
4036419,thompson-skylar,Skylar Thompson,true,true,,,false,
4038524,minshew-ii-gardner,Gardner Minshew II,true,true,,,false,
4038941,herbert-justin,Justin Herbert,true,true,,,false,
4039034,buechele-shane,Shane Buechele,true,true,,,false,
4039396,bojorquez-corey,Corey Bojorquez,true,true,,,false,
4040616,haskins-dwayne,Dwayne Haskins,true,true,,,false,
4040655,mooney-darnell,Darnell Mooney,true,true,,,false,
4040715,hurts-jalen,Jalen Hurts,true,true,,,false,
4040761,singletary-devin,Devin Singletary,true,true,,,false,
4044111,oladokun-chris,Chris Oladokun,true,true,,,false,
4044121,wright-isaiah,Isaiah Wright,true,true,,,false,
4046678,book-ian,Ian Book,true,true,,,false,
4046692,claypool-chase,Chase Claypool,true,true,,,false,
4239086,ridder-desmond,Desmond Ridder,true,true,,,false,
4240021,akers-cam,Cam Akers,true,true,,,false,
4240391,devito-tommy,Tommy DeVito,true,true,,,false,
4240600,toney-kadarius,Kadarius Toney,true,true,,,false,
4240631,dallas-deejay,DeeJay Dallas,true,true,,,false,
4240689,fromm-jake,Jake Fromm,true,true,,,false,
4240703,pickett-kenny,Kenny Pickett,true,true,,,false,
4240858,hooker-hendon,Hendon Hooker,true,true,,,false,
4240904,mond-kellen,Kellen Mond,true,true,,,false,
4241457,harris-najee,Najee Harris,true,true,,,false,
4241464,jones-mac,Mac Jones,true,true,,,false,
4241479,tagovailoa-tua,Tua Tagovailoa,true,true,,,false,
4241820,ehlinger-sam,Sam Ehlinger,true,true,,,false,
4241961,heyward-connor,Connor Heyward,true,true,,,false,
4242512,willis-malik,Malik Willis,true,true,,,false,
4242546,mills-davis,Davis Mills,true,true,,,false,
4243322,haener-jake,Jake Haener,true,true,,,false,
4250360,zappe-bailey,Bailey Zappe,true,true,,,false,
4258595,kmet-cole,Cole Kmet,true,true,,,false,
4259553,bennett-iv-stetson,Stetson Bennett IV,true,true,,,false,
4259592,clifford-sean,Sean Clifford,true,true,,,false,
4259979,bowden-jr-lynn,Lynn Bowden Jr.,true,true,,,false,
4260394,o-connell-aidan,Aidan O'Connell,true,true,,,false,
4262921,jefferson-justin,Justin Jefferson,true,true,,,false,
4360175,tune-clayton,Clayton Tune,true,true,,,false,
4360310,lawrence-trevor,Trevor Lawrence,true,true,,,false,
4360423,penix-jr-michael,Michael Penix Jr.,true,true,,,false,
4360689,shough-tyler,Tyler Shough,true,true,,,false,
4360698,milton-iii-joe,Joe Milton III,true,true,,,false,
4360797,atwell-tutu,Tutu Atwell,true,true,,,false,
4361259,wilson-zach,Zach Wilson,true,true,,,false,
4361370,olave-chris,Chris Olave,true,true,,,false,
4361418,levis-will,Will Levis,true,true,,,false,
4361577,brown-dyami,Dyami Brown,true,true,,,false,
4361741,purdy-brock,Brock Purdy,true,true,,,false,
4361823,wright-ryan,Ryan Wright,true,true,,,false,
4362260,bradley-carter,Carter Bradley,true,true,,,false,
4362628,chase-ja-marr,Ja'Marr Chase,true,true,,,false,
4362887,fields-justin,Justin Fields,true,true,,,false,
4367178,thompson-robinson-dorian,Dorian Thompson-Robinson,true,true,,,false,
4371733,gainwell-kenny,Kenny Gainwell,true,true,,,false,
4372016,waddle-jaylen,Jaylen Waddle,true,true,,,false,
4373632,hall-jaren,Jaren Hall,true,true,,,false,
4374302,st-brown-amon-ra,Amon-Ra St. Brown,true,true,,,false,
4383351,lance-trey,Trey Lance,true,true,,,false,
4424106,olszewski-gunner,Gunner Olszewski,true,true,,,false,
4426335,mertz-graham,Graham Mertz,true,true,,,false,
4426338,nix-bo,Bo Nix,true,true,,,false,
4426339,rattler-spencer,Spencer Rattler,true,true,,,false,
4426348,daniels-jayden,Jayden Daniels,true,true,,,false,
4426502,london-drake,Drake London,true,true,,,false,
4426875,howell-sam,Sam Howell,true,true,,,false,
4427238,gabriel-dillon,Dillon Gabriel,true,true,,,false,
4427366,hall-breece,Breece Hall,true,true,,,false,
4427982,mcnamara-austin,Austin McNamara,true,true,,,false,
4428209,pearsall-ricky,Ricky Pearsall,true,true,,,false,
4428850,wicks-dontayvion,Dontayvion Wicks,true,true,,,false,
4428993,king-haynes,Haynes King,true,true,,,false,
4429084,richardson-sr-anthony,Anthony Richardson Sr.,true,true,,,false,
4429435,cook-brady,Brady Cook,true,true,,,false,
4429582,fagnano-joe,Joe Fagnano,true,true,,,false,
4429955,howard-will,Will Howard,true,true,,,false,
4430431,rourke-kurtis,Kurtis Rourke,true,true,,,false,
4430841,beck-carson,Carson Beck,true,true,,,false,
4430878,smith-njigba-jaxon,Jaxon Smith-Njigba,true,true,,,false,
4431325,green-taylen,Taylen Green,true,true,,,false,
4431452,maye-drake,Drake Maye,true,true,,,false,
4431459,warren-tyler,Tyler Warren,true,true,,,false,
4431465,morton-behren,Behren Morton,true,true,,,false,
4431611,williams-caleb,Caleb Williams,true,true,,,false,
4432577,stroud-c-j,C.J. Stroud,true,true,,,false,
4432722,kaliakmanis-athan,Athan Kaliakmanis,true,true,,,false,
4432734,milroe-jalen,Jalen Milroe,true,true,,,false,
4432762,sanders-shedeur,Shedeur Sanders,true,true,,,false,
4433970,mccarthy-j-j,J.J. McCarthy,true,true,,,false,
4433971,mccord-kyle,Kyle McCord,true,true,,,false,
4434153,bagent-tyson,Tyson Bagent,true,true,,,false,
4566192,karty-joshua,Joshua Karty,true,true,,,false,
4567747,nussmeier-garrett,Garrett Nussmeier,true,true,,,false,
4568490,harvey-rj,RJ Harvey,true,true,,,false,
4569371,williams-isaiah,Isaiah Williams,true,true,,,false,
4569618,wilson-garrett,Garrett Wilson,true,true,,,false,
4573398,brosmer-max,Max Brosmer,true,true,,,false,
4595348,nabers-malik,Malik Nabers,true,true,,,false,
4596472,daniels-jalon,Jalon Daniels,true,true,,,false,
4597500,mitchell-adonai,Adonai Mitchell,true,true,,,false,
4683423,leonard-riley,Riley Leonard,true,true,,,false,
4685201,mckee-tanner,Tanner McKee,true,true,,,false,
4685413,klubnik-cade,Cade Klubnik,true,true,,,false,
4685522,simpson-ty,Ty Simpson,true,true,,,false,
4685720,young-bryce,Bryce Young,true,true,,,false,
4688380,ward-cam,Cam Ward,true,true,,,false,
4689114,dart-jaxson,Jaxson Dart,true,true,,,false,
4695883,coker-jalen,Jalen Coker,true,true,,,false,
4714771,allar-drew,Drew Allar,true,true,,,false,
4837248,mendoza-fernando,Fernando Mendoza,true,true,,,false,
4877717,caldwell-matthew,Matthew Caldwell,true,true,,,false,
4879250,payton-cole,Cole Payton,true,true,,,false,
4889929,ewers-quinn,Quinn Ewers,true,true,,,false,
5344782,strand-jack,Jack Strand,true,false,,,false,
