espn_id,name,pos,jersey,jersey_source,college_id,college_name,college_logo,college_source,draft_status,draft_year,draft_round,draft_pick,draft_team,draft_team_name,draft_source,included,notes
4047646,A.J. Brown,WR,1,espn,145,Ole Miss,https://a.espncdn.com/i/teamlogos/ncaa/500/145.png,espn,drafted,2019,2,51,TEN,Tennessee Titans,wikipedia draft page,true,
13983,A.J. Green,WR,18,espn,61,Georgia,https://a.espncdn.com/i/teamlogos/ncaa/500/61.png,espn,drafted,2011,1,4,CIN,Cincinnati Bengals,wikipedia draft page,true,
3042519,Aaron Jones Sr.,RB,33,espn,2638,UTEP,https://a.espncdn.com/i/teamlogos/ncaa/500/2638.png,espn,drafted,2017,5,182,GB,Green Bay Packers,wikipedia draft page,true,
8439,Aaron Rodgers,QB,8,espn,25,California,https://a.espncdn.com/i/teamlogos/ncaa/500/25.png,espn,drafted,2005,1,24,GB,Green Bay Packers,wikipedia draft page,true,
16460,Adam Thielen,WR,,,2364,Minnesota State,https://a.espncdn.com/i/teamlogos/ncaa/500/2364.png,espn,undrafted,2013,,,,,wikipedia infobox,true,
10452,Adrian Peterson,RB,,,201,Oklahoma,https://a.espncdn.com/i/teamlogos/ncaa/500/201.png,espn,drafted,2007,1,7,MIN,Minnesota Vikings,wikipedia draft page,true,
1432,Ahman Green,RB,,,158,Nebraska,https://a.espncdn.com/i/teamlogos/ncaa/500/158.png,espn,drafted,1998,3,76,SEA,Seattle Seahawks,wikipedia draft page,true,
8416,Alex Smith,QB,11,espn,254,Utah,https://a.espncdn.com/i/teamlogos/ncaa/500/254.png,espn,drafted,2005,1,1,SF,San Francisco 49ers,wikipedia draft page,true,
2583,Alge Crumpler,TE,,,153,North Carolina,https://a.espncdn.com/i/teamlogos/ncaa/500/153.png,espn,drafted,2001,2,35,ATL,Atlanta Falcons,wikipedia draft page,true,
16799,Allen Robinson,WR,,,213,Penn State,https://a.espncdn.com/i/teamlogos/ncaa/500/213.png,espn,drafted,2014,2,61,JAX,Jacksonville Jaguars,wikipedia draft page,true,
14912,Alshon Jeffery,WR,17,espn,2579,South Carolina,https://a.espncdn.com/i/teamlogos/ncaa/500/2579.png,espn,drafted,2012,2,45,CHI,Chicago Bears,wikipedia draft page,true,
3054850,Alvin Kamara,RB,41,espn,2633,Tennessee,https://a.espncdn.com/i/teamlogos/ncaa/500/2633.png,espn,drafted,2017,3,67,NO,New Orleans Saints,wikipedia draft page,true,
2976499,Amari Cooper,WR,,,333,Alabama,https://a.espncdn.com/i/teamlogos/ncaa/500/333.png,espn,drafted,2015,1,4,OAK,Oakland Raiders,wikipedia draft page,true,
4374302,Amon-Ra St. Brown,WR,14,espn,30,USC,https://a.espncdn.com/i/teamlogos/ncaa/500/30.png,espn,drafted,2021,4,112,DET,Detroit Lions,wikipedia draft page,true,
4461,Andre Johnson,WR,,,2390,Miami,https://a.espncdn.com/i/teamlogos/ncaa/500/2390.png,espn,drafted,2003,1,3,HOU,Houston Texans,wikipedia draft page,true,
54,Andre Rison,WR,,,127,Michigan State,https://a.espncdn.com/i/teamlogos/ncaa/500/127.png,espn,drafted,1989,1,22,IND,Indianapolis Colts,wikipedia draft page,true,
14874,Andrew Luck,QB,12,espn,24,Stanford,https://a.espncdn.com/i/teamlogos/ncaa/500/24.png,espn,drafted,2012,1,1,IND,Indianapolis Colts,wikipedia draft page,true,
14012,Andy Dalton,QB,14,espn,2628,TCU,https://a.espncdn.com/i/teamlogos/ncaa/500/2628.png,espn,drafted,2011,2,35,CIN,Cincinnati Bengals,wikipedia draft page,true,
4512,Anquan Boldin,WR,,,52,Florida State,https://a.espncdn.com/i/teamlogos/ncaa/500/52.png,espn,drafted,2003,2,54,ARI,Arizona Cardinals,wikipedia draft page,true,
6468,Anthony Miller,WR,83,espn,2633,Tennessee,https://a.espncdn.com/i/teamlogos/ncaa/500/2633.png,espn,drafted,1988,1,15,SD,San Diego Chargers,wikipedia draft page,true,
13934,Antonio Brown,WR,,,2117,Central Michigan,https://a.espncdn.com/i/teamlogos/ncaa/500/2117.png,espn,drafted,2010,6,195,PIT,Pittsburgh Steelers,wikipedia draft page,true,
890,Antonio Freeman,WR,86,espn,259,Virginia Tech,https://a.espncdn.com/i/teamlogos/ncaa/500/259.png,espn,drafted,1995,3,90,GB,Green Bay Packers,wikipedia draft page,true,
5362,Antonio Gates,TE,85,espn,2309,Kent State,https://a.espncdn.com/i/teamlogos/ncaa/500/2309.png,espn,undrafted,2003,,,,,wikipedia infobox,true,
12497,Arian Foster,RB,,,2633,Tennessee,https://a.espncdn.com/i/teamlogos/ncaa/500/2633.png,espn,undrafted,2009,,,,,wikipedia infobox,true,
3043275,Austin Hooper,TE,81,espn,24,Stanford,https://a.espncdn.com/i/teamlogos/ncaa/500/24.png,espn,drafted,2016,3,81,ATL,Atlanta Falcons,wikipedia draft page,true,
3052587,Baker Mayfield,QB,6,espn,201,Oklahoma,https://a.espncdn.com/i/teamlogos/ncaa/500/201.png,espn,drafted,2018,1,1,CLE,Cleveland Browns,wikipedia draft page,true,
6571,Barry Sanders,RB,20,espn,197,Oklahoma State,https://a.espncdn.com/i/teamlogos/ncaa/500/197.png,espn,drafted,1989,1,3,DET,Detroit Lions,wikipedia draft page,true,
125,Ben Coates,TE,,,2940,Livingstone,https://a.espncdn.com/i/teamlogos/ncaa/500/2940.png,espn,drafted,1991,5,124,NE,New England Patriots,wikipedia draft page,true,
5536,Ben Roethlisberger,QB,7,espn,193,Miami (OH),https://a.espncdn.com/i/teamlogos/ncaa/500/193.png,espn,drafted,2004,1,11,PIT,Pittsburgh Steelers,wikipedia draft page,true,
4430807,Bijan Robinson,RB,7,espn,251,Texas,https://a.espncdn.com/i/teamlogos/ncaa/500/251.png,espn,drafted,2023,1,8,ATL,Atlanta Falcons,wikipedia draft page,true,
331,Brad Johnson,QB,14,espn,52,Florida State,https://a.espncdn.com/i/teamlogos/ncaa/500/52.png,espn,drafted,1992,9,227,MIN,Minnesota Vikings,wikipedia draft page,true,
4582,Brandon Lloyd,WR,,,356,Illinois,https://a.espncdn.com/i/teamlogos/ncaa/500/356.png,espn,drafted,2003,4,124,SF,San Francisco 49ers,wikipedia draft page,true,
9705,Brandon Marshall,WR,,,2116,UCF,https://a.espncdn.com/i/teamlogos/ncaa/500/2116.png,espn,drafted,2006,4,119,DEN,Denver Broncos,wikipedia draft page,true,
8418,Braylon Edwards,WR,17,espn,130,Michigan,https://a.espncdn.com/i/teamlogos/ncaa/500/130.png,espn,drafted,2005,1,3,CLE,Cleveland Browns,wikipedia draft page,true,
6545,Brent Jones,TE,,,2541,Santa Clara,https://a.espncdn.com/i/teamlogos/ncaa/500/2541.png,espn,drafted,1986,5,135,PIT,Pittsburgh Steelers,wikipedia draft page,true,
112,Brett Favre,QB,4,espn,2572,Southern Miss,https://a.espncdn.com/i/teamlogos/ncaa/500/2572.png,espn,drafted,1991,2,33,ATL,Atlanta Falcons,wikipedia draft page,true,
1493,Brian Griese,QB,8,espn,130,Michigan,https://a.espncdn.com/i/teamlogos/ncaa/500/130.png,espn,drafted,1998,3,91,DEN,Denver Broncos,wikipedia draft page,true,
4432773,Brian Thomas Jr.,WR,7,espn,99,LSU,https://a.espncdn.com/i/teamlogos/ncaa/500/99.png,espn,drafted,2024,1,23,JAX,Jacksonville Jaguars,wikipedia draft page,true,
3619,Brian Westbrook,RB,,,222,Villanova,https://a.espncdn.com/i/teamlogos/ncaa/500/222.png,espn,drafted,2002,3,91,PHI,Philadelphia Eagles,wikipedia draft page,true,
4432665,Brock Bowers,TE,89,espn,61,Georgia,https://a.espncdn.com/i/teamlogos/ncaa/500/61.png,espn,drafted,2024,1,13,LV,Las Vegas Raiders,wikipedia draft page,true,
4361741,Brock Purdy,QB,13,espn,66,Iowa State,https://a.espncdn.com/i/teamlogos/ncaa/500/66.png,espn,drafted,2022,7,262,SF,San Francisco 49ers,wikipedia draft page,true,
2145,Bubba Franks,TE,88,espn,2390,Miami,https://a.espncdn.com/i/teamlogos/ncaa/500/2390.png,espn,drafted,2000,1,14,GB,Green Bay Packers,wikipedia draft page,true,
920,Byron Chamberlain,TE,,,2844,Wayne State (NE),https://a.espncdn.com/i/teamlogos/ncaa/500/2844.png,espn,drafted,1995,7,222,DEN,Denver Broncos,wikipedia draft page,true,drafted 1995 but not found on the draft page
16040,C.J. Anderson,RB,,,25,California,https://a.espncdn.com/i/teamlogos/ncaa/500/25.png,espn,undrafted,2013,,,,,wikipedia infobox,true,
13203,C.J. Spiller,RB,26,espn,228,Clemson,https://a.espncdn.com/i/teamlogos/ncaa/500/228.png,espn,drafted,2010,1,9,BUF,Buffalo Bills,wikipedia draft page,true,
4432577,C.J. Stroud,QB,7,espn,194,Ohio State,https://a.espncdn.com/i/teamlogos/ncaa/500/194.png,espn,drafted,2023,1,2,HOU,Houston Texans,wikipedia draft page,true,
10447,Calvin Johnson,WR,81,espn,59,Georgia Tech,https://a.espncdn.com/i/teamlogos/ncaa/500/59.png,espn,drafted,2007,1,2,DET,Detroit Lions,wikipedia draft page,true,
13994,Cam Newton,QB,1,espn,2,Auburn,https://a.espncdn.com/i/teamlogos/ncaa/500/2.png,espn,drafted,2011,1,1,CAR,Carolina Panthers,wikipedia draft page,true,
275,Carl Pickens,WR,,,2633,Tennessee,https://a.espncdn.com/i/teamlogos/ncaa/500/2633.png,espn,drafted,1992,2,31,CIN,Cincinnati Bengals,wikipedia draft page,true,
4459,Carson Palmer,QB,,,30,USC,https://a.espncdn.com/i/teamlogos/ncaa/500/30.png,espn,drafted,2003,1,1,CIN,Cincinnati Bengals,wikipedia draft page,true,
2573079,Carson Wentz,QB,11,espn,2449,North Dakota State,https://a.espncdn.com/i/teamlogos/ncaa/500/2449.png,espn,drafted,2016,1,2,PHI,Philadelphia Eagles,wikipedia draft page,true,
4241389,CeeDee Lamb,WR,88,espn,201,Oklahoma,https://a.espncdn.com/i/teamlogos/ncaa/500/201.png,espn,drafted,2020,1,17,DAL,Dallas Cowboys,wikipedia draft page,true,
2584,Chad Johnson,WR,85,espn,204,Oregon State,https://a.espncdn.com/i/teamlogos/ncaa/500/204.png,espn,drafted,2001,2,36,CIN,Cincinnati Bengals,wikipedia draft page,true,
1311,Chad Lewis,TE,89,espn,252,BYU,https://a.espncdn.com/i/teamlogos/ncaa/500/252.png,espn,undrafted,1997,,,,,wikipedia infobox,true,
616,Charlie Garner,RB,,,2633,Tennessee,https://a.espncdn.com/i/teamlogos/ncaa/500/2633.png,espn,drafted,1994,2,42,PHI,Philadelphia Eagles,wikipedia draft page,true,drafted 1994 but not found on the draft page
2600,Chris Chambers,WR,84,espn,275,Wisconsin,https://a.espncdn.com/i/teamlogos/ncaa/500/275.png,espn,drafted,2001,2,52,MIA,Miami Dolphins,wikipedia draft page,true,
29,Chris Chandler,QB,,,264,Washington,https://a.espncdn.com/i/teamlogos/ncaa/500/264.png,espn,drafted,1988,3,76,IND,Indianapolis Colts,wikipedia draft page,true,
5606,Chris Cooley,TE,47,espn,328,Utah State,https://a.espncdn.com/i/teamlogos/ncaa/500/328.png,espn,drafted,2004,3,81,WSHR,Washington Redskins,wikipedia draft page,true,
3116165,Chris Godwin Jr.,WR,14,espn,213,Penn State,https://a.espncdn.com/i/teamlogos/ncaa/500/213.png,espn,drafted,2017,3,84,TB,Tampa Bay Buccaneers,wikipedia draft page,true,
13587,Chris Ivory,RB,,,2838,Tiffin,https://a.espncdn.com/i/teamlogos/ncaa/500/2838.png,espn,undrafted,2010,,,,,wikipedia infobox,true,
11258,Chris Johnson,RB,,,151,East Carolina,https://a.espncdn.com/i/teamlogos/ncaa/500/151.png,espn,drafted,2008,1,24,TEN,Tennessee Titans,wikipedia draft page,true,
80,Chris Warren,RB,,,366,Ferrum,https://a.espncdn.com/i/teamlogos/ncaa/500/366.png,espn,drafted,1990,4,89,SEA,Seattle Seahawks,wikipedia draft page,true,
3117251,Christian McCaffrey,RB,23,espn,24,Stanford,https://a.espncdn.com/i/teamlogos/ncaa/500/24.png,espn,drafted,2017,1,8,CAR,Carolina Panthers,wikipedia draft page,true,
3579,Clinton Portis,RB,26,espn,2390,Miami,https://a.espncdn.com/i/teamlogos/ncaa/500/2390.png,espn,drafted,2002,2,51,DEN,Denver Broncos,wikipedia draft page,true,
2977187,Cooper Kupp,WR,10,espn,331,Eastern Washington,https://a.espncdn.com/i/teamlogos/ncaa/500/331.png,espn,drafted,2017,3,69,LARO,Los Angeles Rams,wikipedia draft page,true,
1196,Corey Dillon,RB,28,espn,264,Washington,https://a.espncdn.com/i/teamlogos/ncaa/500/264.png,espn,drafted,1997,2,43,CIN,Cincinnati Bengals,wikipedia draft page,true,drafted 1997 but not found on the draft page
3128429,Courtland Sutton,WR,14,espn,2567,SMU,https://a.espncdn.com/i/teamlogos/ncaa/500/2567.png,espn,drafted,2018,2,40,DEN,Denver Broncos,wikipedia draft page,true,
6450,Craig Heyward,RB,,,221,Pittsburgh,https://a.espncdn.com/i/teamlogos/ncaa/500/221.png,espn,drafted,1988,1,24,NO,New Orleans Saints,wikipedia draft page,true,
10,Cris Carter,WR,88,espn,194,Ohio State,https://a.espncdn.com/i/teamlogos/ncaa/500/194.png,espn,undrafted,,,,,,espn+wikipedia (no draft record),true,
775,Curtis Martin,RB,28,espn,221,Pittsburgh,https://a.espncdn.com/i/teamlogos/ncaa/500/221.png,espn,drafted,1995,3,74,NE,New England Patriots,wikipedia draft page,true,drafted 1995 but not found on the draft page
4259545,D'Andre Swift,RB,4,espn,61,Georgia,https://a.espncdn.com/i/teamlogos/ncaa/500/61.png,espn,drafted,2020,2,35,DET,Detroit Lions,wikipedia draft page,true,
2577417,Dak Prescott,QB,4,espn,344,Mississippi State,https://a.espncdn.com/i/teamlogos/ncaa/500/344.png,espn,drafted,2016,4,135,DAL,Dallas Cowboys,wikipedia draft page,true,
4482,Dallas Clark,TE,,,2294,Iowa,https://a.espncdn.com/i/teamlogos/ncaa/500/2294.png,espn,drafted,2003,1,24,IND,Indianapolis Colts,wikipedia draft page,true,
4385690,Dalton Kincaid,TE,86,espn,254,Utah,https://a.espncdn.com/i/teamlogos/ncaa/500/254.png,espn,drafted,2023,1,25,BUF,Buffalo Bills,wikipedia draft page,true,
3116593,Dalvin Cook,RB,20,espn,52,Florida State,https://a.espncdn.com/i/teamlogos/ncaa/500/52.png,espn,drafted,2017,2,41,MIN,Minnesota Vikings,wikipedia draft page,true,
1,Dan Marino,QB,13,espn,221,Pittsburgh,https://a.espncdn.com/i/teamlogos/ncaa/500/221.png,espn,drafted,1983,1,27,MIA,Miami Dolphins,wikipedia draft page,true,
8544,Darren Sproles,RB,43,espn,2306,Kansas State,https://a.espncdn.com/i/teamlogos/ncaa/500/2306.png,espn,drafted,2005,4,130,SD,San Diego Chargers,wikipedia draft page,true,
2576925,Darren Waller,TE,,,59,Georgia Tech,https://a.espncdn.com/i/teamlogos/ncaa/500/59.png,espn,drafted,2015,6,204,BAL,Baltimore Ravens,wikipedia draft page,true,
1762,Daunte Culpepper,QB,,,2116,UCF,https://a.espncdn.com/i/teamlogos/ncaa/500/2116.png,wikipedia (ESPN logo),drafted,1999,1,11,MIN,Minnesota Vikings,wikipedia draft page,true,
16800,Davante Adams,WR,17,espn,278,Fresno State,https://a.espncdn.com/i/teamlogos/ncaa/500/278.png,espn,drafted,2014,2,53,GB,Green Bay Packers,wikipedia draft page,true,
1759,David Boston,WR,,,194,Ohio State,https://a.espncdn.com/i/teamlogos/ncaa/500/194.png,espn,drafted,1999,1,8,ARI,Arizona Cardinals,wikipedia draft page,true,drafted 1999 but not found on the draft page
3636,David Garrard,QB,,,151,East Carolina,https://a.espncdn.com/i/teamlogos/ncaa/500/151.png,espn,drafted,2002,4,108,JAX,Jacksonville Jaguars,wikipedia draft page,true,
2508176,David Johnson,RB,,,2460,Northern Iowa,https://a.espncdn.com/i/teamlogos/ncaa/500/2460.png,espn,drafted,2015,3,86,ARI,Arizona Cardinals,wikipedia draft page,true,
3123076,David Njoku,TE,83,espn,2390,Miami,https://a.espncdn.com/i/teamlogos/ncaa/500/2390.png,espn,drafted,2017,1,29,CLE,Cleveland Browns,wikipedia draft page,true,
805,David Sloan,TE,,,167,New Mexico,https://a.espncdn.com/i/teamlogos/ncaa/500/167.png,espn,drafted,1995,3,70,DET,Detroit Lions,wikipedia draft page,true,
3930086,Dawson Knox,TE,88,espn,145,Ole Miss,https://a.espncdn.com/i/teamlogos/ncaa/500/145.png,espn,drafted,2019,3,96,BUF,Buffalo Bills,wikipedia draft page,true,
4429160,De'Von Achane,RB,28,espn,245,Texas A&M,https://a.espncdn.com/i/teamlogos/ncaa/500/245.png,espn,drafted,2023,3,84,MIA,Miami Dolphins,wikipedia draft page,true,
15795,DeAndre Hopkins,WR,10,espn,228,Clemson,https://a.espncdn.com/i/teamlogos/ncaa/500/228.png,espn,drafted,2013,1,27,HOU,Houston Texans,wikipedia draft page,true,
9613,DeAngelo Williams,RB,34,espn,235,Memphis,https://a.espncdn.com/i/teamlogos/ncaa/500/235.png,espn,drafted,2006,1,27,CAR,Carolina Panthers,wikipedia draft page,true,
3126486,Deebo Samuel Sr.,WR,19,espn,2579,South Carolina,https://a.espncdn.com/i/teamlogos/ncaa/500/2579.png,espn,drafted,2019,2,36,SF,San Francisco 49ers,wikipedia draft page,true,
9761,Delanie Walker,TE,,,2118,Central Missouri,https://a.espncdn.com/i/teamlogos/ncaa/500/2118.png,espn,drafted,2006,6,175,SF,San Francisco 49ers,wikipedia draft page,true,
14005,DeMarco Murray,RB,29,espn,201,Oklahoma,https://a.espncdn.com/i/teamlogos/ncaa/500/201.png,espn,drafted,2011,3,71,DAL,Dallas Cowboys,wikipedia draft page,true,
13216,Demaryius Thomas,WR,,,59,Georgia Tech,https://a.espncdn.com/i/teamlogos/ncaa/500/59.png,espn,drafted,2010,1,22,DEN,Denver Broncos,wikipedia draft page,true,
8627,Derek Anderson,QB,,,204,Oregon State,https://a.espncdn.com/i/teamlogos/ncaa/500/204.png,espn,drafted,2005,6,213,BAL,Baltimore Ravens,wikipedia draft page,true,
16757,Derek Carr,QB,4,espn,278,Fresno State,https://a.espncdn.com/i/teamlogos/ncaa/500/278.png,espn,drafted,2014,2,36,OAK,Oakland Raiders,wikipedia draft page,true,
3043078,Derrick Henry,RB,22,espn,333,Alabama,https://a.espncdn.com/i/teamlogos/ncaa/500/333.png,espn,drafted,2016,2,45,TEN,Tennessee Titans,wikipedia draft page,true,
1263,Derrick Mason,WR,,,127,Michigan State,https://a.espncdn.com/i/teamlogos/ncaa/500/127.png,espn,drafted,1997,4,98,TENO,Tennessee Oilers,wikipedia draft page,true,
11283,DeSean Jackson,WR,15,espn,25,California,https://a.espncdn.com/i/teamlogos/ncaa/500/25.png,espn,drafted,2008,2,49,PHI,Philadelphia Eagles,wikipedia draft page,true,
3122840,Deshaun Watson,QB,4,espn,228,Clemson,https://a.espncdn.com/i/teamlogos/ncaa/500/228.png,espn,drafted,2017,1,12,HOU,Houston Texans,wikipedia draft page,true,
2571,Deuce McAllister,RB,26,espn,145,Ole Miss,https://a.espncdn.com/i/teamlogos/ncaa/500/145.png,wikipedia (ESPN logo),drafted,2001,1,23,NO,New Orleans Saints,wikipedia draft page,true,
16944,Devonta Freeman,RB,,,52,Florida State,https://a.espncdn.com/i/teamlogos/ncaa/500/52.png,espn,drafted,2014,4,103,ATL,Atlanta Falcons,wikipedia draft page,true,
13215,Dez Bryant,WR,88,espn,197,Oklahoma State,https://a.espncdn.com/i/teamlogos/ncaa/500/197.png,espn,drafted,2010,1,24,DAL,Dallas Cowboys,wikipedia draft page,true,
3932905,Diontae Johnson,WR,16,espn,2649,Toledo,https://a.espncdn.com/i/teamlogos/ncaa/500/2649.png,espn,drafted,2019,3,66,PIT,Pittsburgh Steelers,wikipedia draft page,true,
3115394,DJ Chark,WR,,,99,LSU,https://a.espncdn.com/i/teamlogos/ncaa/500/99.png,espn,drafted,2018,2,61,JAX,Jacksonville Jaguars,wikipedia draft page,true,
4047650,DK Metcalf,WR,4,espn,145,Ole Miss,https://a.espncdn.com/i/teamlogos/ncaa/500/145.png,espn,drafted,2019,2,64,SEA,Seattle Seahawks,wikipedia draft page,true,
1966,Donald Driver,WR,80,espn,2016,Alcorn State,https://a.espncdn.com/i/teamlogos/ncaa/500/2016.png,espn,drafted,1999,7,213,GB,Green Bay Packers,wikipedia draft page,true,
1753,Donovan McNabb,QB,5,espn,183,Syracuse,https://a.espncdn.com/i/teamlogos/ncaa/500/183.png,espn,drafted,1999,1,2,PHI,Philadelphia Eagles,wikipedia draft page,true,
637,Dorsey Levens,RB,,,59,Georgia Tech,https://a.espncdn.com/i/teamlogos/ncaa/500/59.png,espn,drafted,1994,5,149,GB,Green Bay Packers,wikipedia draft page,true,
14221,Doug Baldwin,WR,,,24,Stanford,https://a.espncdn.com/i/teamlogos/ncaa/500/24.png,espn,undrafted,2011,,,,,wikipedia infobox,true,
35,Doug Flutie,QB,,,103,Boston College,https://a.espncdn.com/i/teamlogos/ncaa/500/103.png,espn,drafted,1985,11,285,LARO,Los Angeles Rams,wikipedia draft page,true,
14885,Doug Martin,RB,,,68,Boise State,https://a.espncdn.com/i/teamlogos/ncaa/500/68.png,espn,drafted,2012,1,31,TB,Tampa Bay Buccaneers,wikipedia draft page,true,
4431452,Drake Maye,QB,10,espn,153,North Carolina,https://a.espncdn.com/i/teamlogos/ncaa/500/153.png,espn,drafted,2024,1,3,NE,New England Patriots,wikipedia draft page,true,
393,Drew Bledsoe,QB,11,espn,265,Washington State,https://a.espncdn.com/i/teamlogos/ncaa/500/265.png,espn,drafted,1993,1,1,NE,New England Patriots,wikipedia draft page,true,drafted 1993 but not found on the draft page
2580,Drew Brees,QB,9,espn,2509,Purdue,https://a.espncdn.com/i/teamlogos/ncaa/500/2509.png,espn,drafted,2001,2,32,SD,San Diego Chargers,wikipedia draft page,true,
10467,Dwayne Bowe,WR,,,99,LSU,https://a.espncdn.com/i/teamlogos/ncaa/500/99.png,espn,drafted,2007,1,23,KC,Kansas City Chiefs,wikipedia draft page,true,
3998279,Dwayne Carswell,TE,,,2335,Liberty,https://a.espncdn.com/i/teamlogos/ncaa/500/2335.png,wikipedia (ESPN logo),undrafted,1994,,,,,wikipedia infobox,true,
120,Ed McCaffrey,WR,,,24,Stanford,https://a.espncdn.com/i/teamlogos/ncaa/500/24.png,espn,drafted,1991,3,83,NYG,New York Giants,wikipedia draft page,true,
930,Eddie George,RB,27,espn,194,Ohio State,https://a.espncdn.com/i/teamlogos/ncaa/500/194.png,espn,drafted,1996,1,14,HOUO,Houston Oilers,wikipedia draft page,true,drafted 1996 but not found on the draft page
15848,Eddie Lacy,RB,27,espn,333,Alabama,https://a.espncdn.com/i/teamlogos/ncaa/500/333.png,espn,drafted,2013,2,61,GB,Green Bay Packers,wikipedia draft page,true,
1755,Edgerrin James,RB,32,espn,2390,Miami,https://a.espncdn.com/i/teamlogos/ncaa/500/2390.png,espn,drafted,1999,1,4,IND,Indianapolis Colts,wikipedia draft page,true,
5526,Eli Manning,QB,10,espn,145,Ole Miss,https://a.espncdn.com/i/teamlogos/ncaa/500/145.png,espn,drafted,2004,1,1,SD,San Diego Chargers,wikipedia draft page,true,
399,Elvis Grbac,QB,,,130,Michigan,https://a.espncdn.com/i/teamlogos/ncaa/500/130.png,espn,drafted,1993,8,219,SF,San Francisco 49ers,wikipedia draft page,true,drafted 1993 but not found on the draft page
13295,Emmanuel Sanders,WR,,,2567,SMU,https://a.espncdn.com/i/teamlogos/ncaa/500/2567.png,espn,drafted,2010,3,82,PIT,Pittsburgh Steelers,wikipedia draft page,true,
72,Emmitt Smith,RB,22,espn,57,Florida,https://a.espncdn.com/i/teamlogos/ncaa/500/57.png,espn,drafted,1990,1,17,DAL,Dallas Cowboys,wikipedia draft page,true,
16732,Eric Ebron,TE,85,espn,153,North Carolina,https://a.espncdn.com/i/teamlogos/ncaa/500/153.png,espn,drafted,2014,1,10,DET,Detroit Lions,wikipedia draft page,true,
55,Eric Metcalf,WR,,,251,Texas,https://a.espncdn.com/i/teamlogos/ncaa/500/251.png,espn,drafted,1989,1,13,CLE,Cleveland Browns,wikipedia draft page,true,
935,Eric Moulds,WR,,,344,Mississippi State,https://a.espncdn.com/i/teamlogos/ncaa/500/344.png,espn,drafted,1996,1,24,BUF,Buffalo Bills,wikipedia draft page,true,drafted 1996 but not found on the draft page
3051876,Evan Engram,TE,1,espn,145,Ole Miss,https://a.espncdn.com/i/teamlogos/ncaa/500/145.png,espn,drafted,2017,1,23,NYG,New York Giants,wikipedia draft page,true,
3051392,Ezekiel Elliott,RB,,,194,Ohio State,https://a.espncdn.com/i/teamlogos/ncaa/500/194.png,espn,drafted,2016,1,4,DAL,Dallas Cowboys,wikipedia draft page,true,
8479,Frank Gore,RB,21,espn,2390,Miami,https://a.espncdn.com/i/teamlogos/ncaa/500/2390.png,espn,drafted,2005,3,65,SF,San Francisco 49ers,wikipedia draft page,true,
516,Frank Wycheck,TE,,,120,Maryland,https://a.espncdn.com/i/teamlogos/ncaa/500/120.png,espn,drafted,1993,6,160,WSHR,Washington Redskins,wikipedia draft page,true,drafted 1993 but not found on the draft page
1430,Fred Taylor,RB,,,57,Florida,https://a.espncdn.com/i/teamlogos/ncaa/500/57.png,espn,drafted,1998,1,9,JAX,Jacksonville Jaguars,wikipedia draft page,true,
4038524,Gardner Minshew II,QB,15,espn,265,Washington State,https://a.espncdn.com/i/teamlogos/ncaa/500/265.png,espn,drafted,2019,6,178,JAX,Jacksonville Jaguars,wikipedia draft page,true,
385,Garrison Hearst,RB,,,61,Georgia,https://a.espncdn.com/i/teamlogos/ncaa/500/61.png,espn,drafted,1993,1,3,PHX,Phoenix Cardinals,wikipedia draft page,true,drafted 1993 but not found on the draft page
11364,Gary Barnidge,TE,82,espn,97,Louisville,https://a.espncdn.com/i/teamlogos/ncaa/500/97.png,espn,drafted,2008,5,141,CAR,Carolina Panthers,wikipedia draft page,true,
15864,Geno Smith,QB,7,espn,277,West Virginia,https://a.espncdn.com/i/teamlogos/ncaa/500/277.png,espn,drafted,2013,2,39,NYJ,New York Jets,wikipedia draft page,true,
3040151,George Kittle,TE,85,espn,2294,Iowa,https://a.espncdn.com/i/teamlogos/ncaa/500/2294.png,espn,drafted,2017,5,146,SF,San Francisco 49ers,wikipedia draft page,true,
4426354,George Pickens,WR,3,espn,61,Georgia,https://a.espncdn.com/i/teamlogos/ncaa/500/61.png,espn,drafted,2022,2,52,PIT,Pittsburgh Steelers,wikipedia draft page,true,
13217,Golden Tate,WR,,,87,Notre Dame,https://a.espncdn.com/i/teamlogos/ncaa/500/87.png,espn,drafted,2010,2,60,SEA,Seattle Seahawks,wikipedia draft page,true,
9638,Greg Jennings,WR,,,2711,Western Michigan,https://a.espncdn.com/i/teamlogos/ncaa/500/2711.png,espn,drafted,2006,2,52,GB,Green Bay Packers,wikipedia draft page,true,
10475,Greg Olsen,TE,,,2390,Miami,https://a.espncdn.com/i/teamlogos/ncaa/500/2390.png,espn,drafted,2007,1,31,CHI,Chicago Bears,wikipedia draft page,true,
622,Gus Frerotte,QB,,,202,Tulsa,https://a.espncdn.com/i/teamlogos/ncaa/500/202.png,espn,drafted,1994,7,197,WSHR,Washington Redskins,wikipedia draft page,true,
8444,Heath Miller,TE,83,espn,258,Virginia,https://a.espncdn.com/i/teamlogos/ncaa/500/258.png,espn,drafted,2005,1,30,PIT,Pittsburgh Steelers,wikipedia draft page,true,
109,Herman Moore,WR,,,258,Virginia,https://a.espncdn.com/i/teamlogos/ncaa/500/258.png,espn,drafted,1991,1,10,DET,Detroit Lions,wikipedia draft page,true,
1494,Hines Ward,WR,86,espn,61,Georgia,https://a.espncdn.com/i/teamlogos/ncaa/500/61.png,espn,drafted,1998,3,92,PIT,Pittsburgh Steelers,wikipedia draft page,true,
3135321,Hunter Renfrow,WR,13,espn,228,Clemson,https://a.espncdn.com/i/teamlogos/ncaa/500/228.png,espn,drafted,2019,5,149,OAK,Oakland Raiders,wikipedia draft page,true,
25,Irving Fryar,WR,,,158,Nebraska,https://a.espncdn.com/i/teamlogos/ncaa/500/158.png,espn,drafted,1984,1,1,NE,New England Patriots,wikipedia draft page,true,
658,Isaac Bruce,WR,,,235,Memphis,https://a.espncdn.com/i/teamlogos/ncaa/500/235.png,espn,drafted,1994,2,33,LARO,Los Angeles Rams,wikipedia draft page,true,ESPN draft team LOS (1994) not in draft_teams.csv
4362628,Ja'Marr Chase,WR,1,espn,99,LSU,https://a.espncdn.com/i/teamlogos/ncaa/500/99.png,espn,drafted,2021,1,5,CIN,Cincinnati Bengals,wikipedia draft page,true,
16504,Jack Doyle,TE,84,espn,98,Western Kentucky,https://a.espncdn.com/i/teamlogos/ncaa/500/98.png,espn,undrafted,2013,,,,,wikipedia infobox,true,
4429795,Jahmyr Gibbs,RB,0,wikipedia,333,Alabama,https://a.espncdn.com/i/teamlogos/ncaa/500/333.png,espn,drafted,2023,1,12,DET,Detroit Lions,wikipedia draft page,true,
1693,Jake Delhomme,QB,,,309,Louisiana,https://a.espncdn.com/i/teamlogos/ncaa/500/309.png,wikipedia (ESPN logo),undrafted,1997,,,,,wikipedia infobox,true,
4242355,Jake Ferguson,TE,87,espn,275,Wisconsin,https://a.espncdn.com/i/teamlogos/ncaa/500/275.png,espn,drafted,2022,4,129,DAL,Dallas Cowboys,wikipedia draft page,true,
1177,Jake Plummer,QB,16,wikipedia,9,Arizona State,https://a.espncdn.com/i/teamlogos/ncaa/500/9.png,espn,drafted,1997,2,42,ARI,Arizona Cardinals,wikipedia draft page,true,drafted 1997 but not found on the draft page
4040715,Jalen Hurts,QB,1,espn,201,Oklahoma,https://a.espncdn.com/i/teamlogos/ncaa/500/201.png,espn,drafted,2020,2,53,PHI,Philadelphia Eagles,wikipedia draft page,true,
11307,Jamaal Charles,RB,,,251,Texas,https://a.espncdn.com/i/teamlogos/ncaa/500/251.png,espn,drafted,2008,3,73,KC,Kansas City Chiefs,wikipedia draft page,true,
656,Jamal Anderson,RB,32,espn,254,Utah,https://a.espncdn.com/i/teamlogos/ncaa/500/254.png,espn,drafted,1994,7,201,ATL,Atlanta Falcons,wikipedia draft page,true,
2136,Jamal Lewis,RB,31,espn,2633,Tennessee,https://a.espncdn.com/i/teamlogos/ncaa/500/2633.png,espn,drafted,2000,1,5,BAL,Baltimore Ravens,espn,true,
2969939,Jameis Winston,QB,19,espn,52,Florida State,https://a.espncdn.com/i/teamlogos/ncaa/500/52.png,espn,drafted,2015,1,1,TB,Tampa Bay Buccaneers,wikipedia draft page,true,
3045147,James Conner,RB,6,espn,221,Pittsburgh,https://a.espncdn.com/i/teamlogos/ncaa/500/221.png,espn,drafted,2017,3,105,PIT,Pittsburgh Steelers,wikipedia draft page,true,
4379399,James Cook III,RB,4,espn,61,Georgia,https://a.espncdn.com/i/teamlogos/ncaa/500/61.png,espn,drafted,2022,2,63,BUF,Buffalo Bills,wikipedia draft page,true,
12537,Jared Cook,TE,,,2579,South Carolina,https://a.espncdn.com/i/teamlogos/ncaa/500/2579.png,espn,drafted,2009,3,89,TEN,Tennessee Titans,wikipedia draft page,true,
3046779,Jared Goff,QB,16,espn,25,California,https://a.espncdn.com/i/teamlogos/ncaa/500/25.png,espn,drafted,2016,1,1,LARO,Los Angeles Rams,wikipedia draft page,true,
16790,Jarvis Landry,WR,,,99,LSU,https://a.espncdn.com/i/teamlogos/ncaa/500/99.png,espn,drafted,2014,2,63,MIA,Miami Dolphins,wikipedia draft page,true,
4527,Jason Witten,TE,82,espn,2633,Tennessee,https://a.espncdn.com/i/teamlogos/ncaa/500/2633.png,espn,drafted,2003,3,69,DAL,Dallas Cowboys,wikipedia draft page,true,
3548,Javon Walker,WR,84,wikipedia,52,Florida State,https://a.espncdn.com/i/teamlogos/ncaa/500/52.png,espn,drafted,2002,1,20,GB,Green Bay Packers,wikipedia draft page,true,
4430878,Jaxon Smith-Njigba,WR,11,espn,194,Ohio State,https://a.espncdn.com/i/teamlogos/ncaa/500/194.png,espn,drafted,2023,1,20,SEA,Seattle Seahawks,wikipedia draft page,true,
2573300,Jay Ajayi,RB,,,68,Boise State,https://a.espncdn.com/i/teamlogos/ncaa/500/68.png,espn,drafted,2015,5,149,MIA,Miami Dolphins,wikipedia draft page,true,
9597,Jay Cutler,QB,6,espn,238,Vanderbilt,https://a.espncdn.com/i/teamlogos/ncaa/500/238.png,espn,drafted,2006,1,11,DEN,Denver Broncos,wikipedia draft page,true,
6510,Jay Novacek,TE,,,2751,Wyoming,https://a.espncdn.com/i/teamlogos/ncaa/500/2751.png,espn,drafted,1985,6,158,STLC,St. Louis Cardinals,wikipedia draft page,true,
4426348,Jayden Daniels,QB,5,espn,99,LSU,https://a.espncdn.com/i/teamlogos/ncaa/500/99.png,espn,drafted,2024,1,2,WSH,Washington Commanders,wikipedia draft page,true,
341,Jeff Blake,QB,,,151,East Carolina,https://a.espncdn.com/i/teamlogos/ncaa/500/151.png,espn,drafted,1992,6,166,NYJ,New York Jets,wikipedia draft page,true,
2026,Jeff Garcia,QB,,,23,San José State,https://a.espncdn.com/i/teamlogos/ncaa/500/23.png,espn,undrafted,1994,,,,,wikipedia infobox,true,
12579,Jeremy Maclin,WR,,,142,Missouri,https://a.espncdn.com/i/teamlogos/ncaa/500/142.png,espn,drafted,2009,1,19,PHI,Philadelphia Eagles,wikipedia draft page,true,
3542,Jeremy Shockey,TE,,,2390,Miami,https://a.espncdn.com/i/teamlogos/ncaa/500/2390.png,espn,drafted,2002,1,14,NYG,New York Giants,wikipedia draft page,true,
13228,Jermaine Gresham,TE,84,espn,201,Oklahoma,https://a.espncdn.com/i/teamlogos/ncaa/500/201.png,espn,drafted,2010,1,21,CIN,Cincinnati Bengals,wikipedia draft page,true,
1047,Jermaine Lewis,WR,84,espn,120,Maryland,https://a.espncdn.com/i/teamlogos/ncaa/500/120.png,espn,drafted,1996,5,153,BAL,Baltimore Ravens,wikipedia draft page,true,
389,Jerome Bettis,RB,36,espn,87,Notre Dame,https://a.espncdn.com/i/teamlogos/ncaa/500/87.png,espn,drafted,1993,1,10,LARO,Los Angeles Rams,wikipedia draft page,true,drafted 1993 but not found on the draft page
4241463,Jerry Jeudy,WR,3,espn,333,Alabama,https://a.espncdn.com/i/teamlogos/ncaa/500/333.png,espn,drafted,2020,1,15,DEN,Denver Broncos,wikipedia draft page,true,
12,Jerry Rice,WR,80,wikipedia,2400,Mississippi Valley State,https://a.espncdn.com/i/teamlogos/ncaa/500/2400.png,espn,drafted,1985,1,16,SF,San Francisco 49ers,wikipedia draft page,true,
27,Jim Harbaugh,QB,,,130,Michigan,https://a.espncdn.com/i/teamlogos/ncaa/500/130.png,espn,drafted,1987,1,26,CHI,Chicago Bears,wikipedia draft page,true,
13232,Jimmy Graham,TE,,,2390,Miami,https://a.espncdn.com/i/teamlogos/ncaa/500/2390.png,espn,drafted,2010,3,95,NO,New Orleans Saints,wikipedia draft page,true,
278,Jimmy Smith,WR,82,espn,2296,Jackson State,https://a.espncdn.com/i/teamlogos/ncaa/500/2296.png,espn,drafted,1992,2,36,DAL,Dallas Cowboys,wikipedia draft page,true,drafted 1992 but not found on the draft page
3915511,Joe Burrow,QB,9,espn,99,LSU,https://a.espncdn.com/i/teamlogos/ncaa/500/99.png,espn,drafted,2020,1,1,CIN,Cincinnati Bengals,wikipedia draft page,true,
11252,Joe Flacco,QB,16,espn,48,Delaware,https://a.espncdn.com/i/teamlogos/ncaa/500/48.png,espn,drafted,2008,1,18,BAL,Baltimore Ravens,wikipedia draft page,true,
1042,Joe Horn,WR,,,110181,Itawamba CC MS,,espn,drafted,1996,5,135,KC,Kansas City Chiefs,wikipedia draft page,true,
3116385,Joe Mixon,RB,28,espn,201,Oklahoma,https://a.espncdn.com/i/teamlogos/ncaa/500/201.png,espn,drafted,2017,2,48,CIN,Cincinnati Bengals,wikipedia draft page,true,
6470,John Elway,QB,7,espn,24,Stanford,https://a.espncdn.com/i/teamlogos/ncaa/500/24.png,espn,drafted,1983,1,1,BALC,Baltimore Colts,wikipedia draft page,true,
11247,Jonathan Stewart,RB,28,espn,2483,Oregon,https://a.espncdn.com/i/teamlogos/ncaa/500/2483.png,espn,drafted,2008,1,13,CAR,Carolina Panthers,wikipedia draft page,true,
4242335,Jonathan Taylor,RB,28,espn,275,Wisconsin,https://a.espncdn.com/i/teamlogos/ncaa/500/275.png,espn,drafted,2020,2,41,IND,Indianapolis Colts,wikipedia draft page,true,
3054212,Jonnu Smith,TE,18,wikipedia,2229,Florida International,https://a.espncdn.com/i/teamlogos/ncaa/500/2229.png,espn,drafted,2017,3,100,TEN,Tennessee Titans,wikipedia draft page,true,
14189,Jordan Cameron,TE,84,espn,30,USC,https://a.espncdn.com/i/teamlogos/ncaa/500/30.png,espn,drafted,2011,4,102,CLE,Cleveland Browns,wikipedia draft page,true,
3060022,Jordan Howard,RB,,,84,Indiana,https://a.espncdn.com/i/teamlogos/ncaa/500/84.png,espn,drafted,2016,5,150,CHI,Chicago Bears,wikipedia draft page,true,
15860,Jordan Reed,TE,,,57,Florida,https://a.espncdn.com/i/teamlogos/ncaa/500/57.png,espn,drafted,2013,3,85,WSHR,Washington Redskins,wikipedia draft page,true,
11270,Jordy Nelson,WR,,,2306,Kansas State,https://a.espncdn.com/i/teamlogos/ncaa/500/2306.png,espn,drafted,2008,2,36,GB,Green Bay Packers,wikipedia draft page,true,
9616,Joseph Addai,RB,29,espn,99,LSU,https://a.espncdn.com/i/teamlogos/ncaa/500/99.png,espn,drafted,2006,1,30,IND,Indianapolis Colts,wikipedia draft page,true,
3918298,Josh Allen,QB,17,espn,2751,Wyoming,https://a.espncdn.com/i/teamlogos/ncaa/500/2751.png,espn,drafted,2018,1,7,BUF,Buffalo Bills,wikipedia draft page,true,
15705,Josh Gordon,WR,,,239,Baylor,https://a.espncdn.com/i/teamlogos/ncaa/500/239.png,wikipedia (ESPN logo),undrafted,,,,,,espn+wikipedia (no draft record),true,
4047365,Josh Jacobs,RB,8,espn,333,Alabama,https://a.espncdn.com/i/teamlogos/ncaa/500/333.png,espn,drafted,2019,1,24,OAK,Oakland Raiders,wikipedia draft page,true,
3120348,JuJu Smith-Schuster,WR,8,espn,30,USC,https://a.espncdn.com/i/teamlogos/ncaa/500/30.png,espn,drafted,2017,2,62,PIT,Pittsburgh Steelers,wikipedia draft page,true,
13982,Julio Jones,WR,,,333,Alabama,https://a.espncdn.com/i/teamlogos/ncaa/500/333.png,espn,drafted,2011,1,6,ATL,Atlanta Falcons,wikipedia draft page,true,
14204,Julius Thomas,TE,,,2502,Portland State,https://a.espncdn.com/i/teamlogos/ncaa/500/2502.png,espn,drafted,2011,4,129,DEN,Denver Broncos,wikipedia draft page,true,
11467,Justin Forsett,RB,,,25,California,https://a.espncdn.com/i/teamlogos/ncaa/500/25.png,espn,drafted,2008,7,233,SEA,Seattle Seahawks,wikipedia draft page,true,
4038941,Justin Herbert,QB,10,espn,2483,Oregon,https://a.espncdn.com/i/teamlogos/ncaa/500/2483.png,espn,drafted,2020,1,6,LAC,Los Angeles Chargers,wikipedia draft page,true,
4262921,Justin Jefferson,WR,18,espn,99,LSU,https://a.espncdn.com/i/teamlogos/ncaa/500/99.png,espn,drafted,2020,1,22,MIN,Minnesota Vikings,wikipedia draft page,true,
3059915,Kareem Hunt,RB,29,espn,2649,Toledo,https://a.espncdn.com/i/teamlogos/ncaa/500/2649.png,espn,drafted,2017,3,86,KC,Kansas City Chiefs,wikipedia draft page,true,
15818,Keenan Allen,WR,10,espn,25,California,https://a.espncdn.com/i/teamlogos/ncaa/500/25.png,espn,drafted,2013,3,76,SD,San Diego Chargers,wikipedia draft page,true,
276,Keenan McCardell,WR,80,espn,2439,UNLV,https://a.espncdn.com/i/teamlogos/ncaa/500/2439.png,wikipedia (ESPN logo),drafted,1991,12,326,WSHR,Washington Redskins,wikipedia draft page,true,drafted 1991 but not found on the draft page
6425,Keith Jackson,TE,88,espn,201,Oklahoma,https://a.espncdn.com/i/teamlogos/ncaa/500/201.png,espn,drafted,1988,1,13,PHI,Philadelphia Eagles,wikipedia draft page,true,
5531,Kellen Winslow,TE,,,2390,Miami,https://a.espncdn.com/i/teamlogos/ncaa/500/2390.png,espn,drafted,2004,1,6,CLE,Cleveland Browns,wikipedia draft page,true,
744,Ken Dilger,TE,85,espn,356,Illinois,https://a.espncdn.com/i/teamlogos/ncaa/500/356.png,espn,drafted,1995,2,48,IND,Indianapolis Colts,wikipedia draft page,true,drafted 1995 but not found on the draft page
2974858,Kenny Golladay,WR,19,espn,2459,Northern Illinois,https://a.espncdn.com/i/teamlogos/ncaa/500/2459.png,espn,drafted,2017,3,96,DET,Detroit Lions,wikipedia draft page,true,
734,Kerry Collins,QB,,,213,Penn State,https://a.espncdn.com/i/teamlogos/ncaa/500/213.png,espn,drafted,1995,1,5,CAR,Carolina Panthers,wikipedia draft page,true,
924,Keyshawn Johnson,WR,19,espn,30,USC,https://a.espncdn.com/i/teamlogos/ncaa/500/30.png,espn,drafted,1996,1,1,NYJ,New York Jets,wikipedia draft page,true,drafted 1996 but not found on the draft page
116,Kimble Anders,RB,38,espn,248,Houston,https://a.espncdn.com/i/teamlogos/ncaa/500/248.png,espn,undrafted,1990,,,,,wikipedia infobox,true,
14880,Kirk Cousins,QB,8,espn,127,Michigan State,https://a.espncdn.com/i/teamlogos/ncaa/500/127.png,espn,drafted,2012,4,102,WSHR,Washington Redskins,wikipedia draft page,true,
736,Kordell Stewart,QB,10,espn,38,Colorado,https://a.espncdn.com/i/teamlogos/ncaa/500/38.png,espn,drafted,1995,2,60,PIT,Pittsburgh Steelers,wikipedia draft page,true,drafted 1995 but not found on the draft page
1682,Kurt Warner,QB,,,2460,Northern Iowa,https://a.espncdn.com/i/teamlogos/ncaa/500/2460.png,espn,undrafted,1994,,,,,wikipedia infobox,true,
4360248,Kyle Pitts Sr.,TE,8,espn,57,Florida,https://a.espncdn.com/i/teamlogos/ncaa/500/57.png,espn,drafted,2021,1,4,ATL,Atlanta Falcons,wikipedia draft page,true,
14054,Kyle Rudolph,TE,,,87,Notre Dame,https://a.espncdn.com/i/teamlogos/ncaa/500/87.png,espn,drafted,2011,2,43,MIN,Minnesota Vikings,wikipedia draft page,true,
3917315,Kyler Murray,QB,1,espn,201,Oklahoma,https://a.espncdn.com/i/teamlogos/ncaa/500/201.png,espn,drafted,2019,1,1,ARI,Arizona Cardinals,wikipedia draft page,true,
4430737,Kyren Williams,RB,23,espn,87,Notre Dame,https://a.espncdn.com/i/teamlogos/ncaa/500/87.png,espn,drafted,2022,5,164,LARO,Los Angeles Rams,wikipedia draft page,true,
2553,LaDainian Tomlinson,RB,21,espn,2628,TCU,https://a.espncdn.com/i/teamlogos/ncaa/500/2628.png,espn,drafted,2001,1,5,SD,San Diego Chargers,wikipedia draft page,true,
3916387,Lamar Jackson,QB,8,espn,97,Louisville,https://a.espncdn.com/i/teamlogos/ncaa/500/97.png,espn,drafted,2018,1,32,BAL,Baltimore Ravens,wikipedia draft page,true,
14886,Lamar Miller,RB,,,2390,Miami,https://a.espncdn.com/i/teamlogos/ncaa/500/2390.png,espn,drafted,2012,4,97,MIA,Miami Dolphins,wikipedia draft page,true,
5528,Larry Fitzgerald,WR,11,espn,221,Pittsburgh,https://a.espncdn.com/i/teamlogos/ncaa/500/221.png,espn,drafted,2004,1,3,ARI,Arizona Cardinals,wikipedia draft page,true,
4485,Larry Johnson,RB,,,213,Penn State,https://a.espncdn.com/i/teamlogos/ncaa/500/213.png,espn,drafted,2003,1,27,KC,Kansas City Chiefs,wikipedia draft page,true,
15920,Latavius Murray,RB,,,2116,UCF,https://a.espncdn.com/i/teamlogos/ncaa/500/2116.png,espn,drafted,2013,6,181,OAK,Oakland Raiders,wikipedia draft page,true,
2209,Laveranues Coles,WR,,,52,Florida State,https://a.espncdn.com/i/teamlogos/ncaa/500/52.png,espn,drafted,2000,3,78,NYJ,New York Jets,wikipedia draft page,true,
15825,Le'Veon Bell,RB,,,127,Michigan State,https://a.espncdn.com/i/teamlogos/ncaa/500/127.png,espn,drafted,2013,2,48,PIT,Pittsburgh Steelers,wikipedia draft page,true,
12514,LeSean McCoy,RB,,,221,Pittsburgh,https://a.espncdn.com/i/teamlogos/ncaa/500/221.png,espn,drafted,2009,2,53,PHI,Philadelphia Eagles,wikipedia draft page,true,
4241464,Mac Jones,QB,10,espn,333,Alabama,https://a.espncdn.com/i/teamlogos/ncaa/500/333.png,espn,drafted,2021,1,15,NE,New England Patriots,wikipedia draft page,true,
4595348,Malik Nabers,WR,1,espn,99,LSU,https://a.espncdn.com/i/teamlogos/ncaa/500/99.png,espn,drafted,2024,1,6,NYG,New York Giants,wikipedia draft page,true,
2299,Marc Bulger,QB,10,wikipedia,277,West Virginia,https://a.espncdn.com/i/teamlogos/ncaa/500/277.png,espn,drafted,2000,6,168,NO,New Orleans Saints,wikipedia draft page,true,
9614,Marcedes Lewis,TE,89,espn,26,UCLA,https://a.espncdn.com/i/teamlogos/ncaa/500/26.png,espn,drafted,2006,1,28,JAX,Jacksonville Jaguars,wikipedia draft page,true,
8523,Marion Barber,RB,24,espn,135,Minnesota,https://a.espncdn.com/i/teamlogos/ncaa/500/135.png,espn,drafted,2005,4,109,DAL,Dallas Cowboys,wikipedia draft page,true,
3116365,Mark Andrews,TE,89,espn,201,Oklahoma,https://a.espncdn.com/i/teamlogos/ncaa/500/201.png,espn,drafted,2018,3,86,BAL,Baltimore Ravens,wikipedia draft page,true,
445,Mark Brunell,QB,8,espn,264,Washington,https://a.espncdn.com/i/teamlogos/ncaa/500/264.png,espn,drafted,1993,5,118,GB,Green Bay Packers,wikipedia draft page,true,
451,Mark Chmura,TE,89,espn,103,Boston College,https://a.espncdn.com/i/teamlogos/ncaa/500/103.png,espn,drafted,1992,6,157,GB,Green Bay Packers,wikipedia draft page,true,
13981,Mark Ingram II,RB,,,333,Alabama,https://a.espncdn.com/i/teamlogos/ncaa/500/333.png,espn,drafted,2011,1,28,NO,New Orleans Saints,wikipedia draft page,true,
548,Marshall Faulk,RB,28,espn,21,San Diego State,https://a.espncdn.com/i/teamlogos/ncaa/500/21.png,espn,drafted,1994,1,2,IND,Indianapolis Colts,wikipedia draft page,true,drafted 1994 but not found on the draft page
10456,Marshawn Lynch,RB,,,25,California,https://a.espncdn.com/i/teamlogos/ncaa/500/25.png,espn,drafted,2007,1,12,BUF,Buffalo Bills,wikipedia draft page,true,
11295,Martellus Bennett,TE,,,245,Texas A&M,https://a.espncdn.com/i/teamlogos/ncaa/500/245.png,espn,drafted,2008,2,61,DAL,Dallas Cowboys,wikipedia draft page,true,
1831,Marty Booker,WR,,,193,Miami (OH),https://a.espncdn.com/i/teamlogos/ncaa/500/193.png,espn,drafted,1999,3,78,CHI,Chicago Bears,wikipedia draft page,true,
939,Marvin Harrison,WR,88,espn,183,Syracuse,https://a.espncdn.com/i/teamlogos/ncaa/500/183.png,espn,drafted,1996,1,19,IND,Indianapolis Colts,wikipedia draft page,true,
8644,Matt Cassel,QB,,,30,USC,https://a.espncdn.com/i/teamlogos/ncaa/500/30.png,espn,drafted,2005,7,230,NE,New England Patriots,wikipedia draft page,true,
11278,Matt Forte,RB,22,espn,2655,Tulane,https://a.espncdn.com/i/teamlogos/ncaa/500/2655.png,espn,drafted,2008,2,44,CHI,Chicago Bears,wikipedia draft page,true,
1575,Matt Hasselbeck,QB,,,103,Boston College,https://a.espncdn.com/i/teamlogos/ncaa/500/103.png,espn,drafted,1998,6,187,GB,Green Bay Packers,wikipedia draft page,true,
11237,Matt Ryan,QB,2,espn,103,Boston College,https://a.espncdn.com/i/teamlogos/ncaa/500/103.png,espn,drafted,2008,1,3,ATL,Atlanta Falcons,wikipedia draft page,true,
5615,Matt Schaub,QB,8,espn,258,Virginia,https://a.espncdn.com/i/teamlogos/ncaa/500/258.png,espn,drafted,2004,3,90,ATL,Atlanta Falcons,wikipedia draft page,true,
12483,Matthew Stafford,QB,9,espn,61,Georgia,https://a.espncdn.com/i/teamlogos/ncaa/500/61.png,espn,drafted,2009,1,1,DET,Detroit Lions,wikipedia draft page,true,
9646,Maurice Jones-Drew,RB,,,26,UCLA,https://a.espncdn.com/i/teamlogos/ncaa/500/26.png,espn,drafted,2006,2,60,JAX,Jacksonville Jaguars,wikipedia draft page,true,
2576434,Melvin Gordon III,RB,,,275,Wisconsin,https://a.espncdn.com/i/teamlogos/ncaa/500/275.png,espn,drafted,2015,1,15,SD,San Diego Chargers,wikipedia draft page,true,
472,Michael Bates,WR,,,12,Arizona,https://a.espncdn.com/i/teamlogos/ncaa/500/12.png,espn,drafted,1992,6,150,SEA,Seattle Seahawks,wikipedia draft page,true,
2575,Michael Bennett,RB,,,275,Wisconsin,https://a.espncdn.com/i/teamlogos/ncaa/500/275.png,espn,drafted,2001,1,27,MIN,Minnesota Vikings,wikipedia draft page,true,
23,Michael Irvin,WR,88,espn,2390,Miami,https://a.espncdn.com/i/teamlogos/ncaa/500/2390.png,espn,drafted,1988,1,11,DAL,Dallas Cowboys,wikipedia draft page,true,
2976316,Michael Thomas,WR,13,espn,194,Ohio State,https://a.espncdn.com/i/teamlogos/ncaa/500/194.png,espn,drafted,2016,2,47,NO,New Orleans Saints,wikipedia draft page,true,
5679,Michael Turner,RB,33,espn,2459,Northern Illinois,https://a.espncdn.com/i/teamlogos/ncaa/500/2459.png,espn,drafted,2004,5,154,SD,San Diego Chargers,wikipedia draft page,true,
16737,Mike Evans,WR,5,espn,245,Texas A&M,https://a.espncdn.com/i/teamlogos/ncaa/500/245.png,espn,drafted,2014,1,7,TB,Tampa Bay Buccaneers,wikipedia draft page,true,
2549,Mike Vick,QB,2,espn,259,Virginia Tech,https://a.espncdn.com/i/teamlogos/ncaa/500/259.png,espn,drafted,2001,1,1,ATL,Atlanta Falcons,espn,true,
12601,Mike Wallace,WR,,,145,Ole Miss,https://a.espncdn.com/i/teamlogos/ncaa/500/145.png,espn,drafted,2009,3,84,PIT,Pittsburgh Steelers,wikipedia draft page,true,
10147,Miles Austin,WR,,,2405,Monmouth,https://a.espncdn.com/i/teamlogos/ncaa/500/2405.png,espn,undrafted,2006,,,,,wikipedia infobox,true,
4045163,Miles Sanders,RB,24,espn,213,Penn State,https://a.espncdn.com/i/teamlogos/ncaa/500/213.png,espn,drafted,2019,2,53,PHI,Philadelphia Eagles,wikipedia draft page,true,
3039707,Mitchell Trubisky,QB,10,espn,153,North Carolina,https://a.espncdn.com/i/teamlogos/ncaa/500/153.png,espn,drafted,2017,1,2,CHI,Chicago Bears,wikipedia draft page,true,
936,Muhsin Muhammad,WR,87,espn,127,Michigan State,https://a.espncdn.com/i/teamlogos/ncaa/500/127.png,espn,drafted,1996,2,43,CAR,Carolina Panthers,wikipedia draft page,true,
4241457,Najee Harris,RB,,,333,Alabama,https://a.espncdn.com/i/teamlogos/ncaa/500/333.png,espn,drafted,2021,1,24,PIT,Pittsburgh Steelers,wikipedia draft page,true,
3128720,Nick Chubb,RB,,,61,Georgia,https://a.espncdn.com/i/teamlogos/ncaa/500/61.png,espn,drafted,2018,2,35,CLE,Cleveland Browns,espn,true,
14877,Nick Foles,QB,,,12,Arizona,https://a.espncdn.com/i/teamlogos/ncaa/500/12.png,espn,drafted,2012,3,88,PHI,Philadelphia Eagles,wikipedia draft page,true,
4258173,Nico Collins,WR,12,espn,130,Michigan,https://a.espncdn.com/i/teamlogos/ncaa/500/130.png,espn,drafted,2021,3,89,HOU,Houston Texans,wikipedia draft page,true,
16733,Odell Beckham Jr.,WR,13,espn,99,LSU,https://a.espncdn.com/i/teamlogos/ncaa/500/99.png,espn,drafted,2014,1,12,NYG,New York Giants,wikipedia draft page,true,
9684,Owen Daniels,TE,81,espn,275,Wisconsin,https://a.espncdn.com/i/teamlogos/ncaa/500/275.png,espn,drafted,2006,4,98,HOU,Houston Texans,wikipedia draft page,true,
3139477,Patrick Mahomes,QB,15,espn,2641,Texas Tech,https://a.espncdn.com/i/teamlogos/ncaa/500/2641.png,espn,drafted,2017,1,10,KC,Kansas City Chiefs,wikipedia draft page,true,
1428,Peyton Manning,QB,18,espn,2633,Tennessee,https://a.espncdn.com/i/teamlogos/ncaa/500/2633.png,espn,drafted,1998,1,1,IND,Indianapolis Colts,wikipedia draft page,true,
5529,Philip Rivers,QB,17,espn,152,NC State,https://a.espncdn.com/i/teamlogos/ncaa/500/152.png,espn,drafted,2004,1,4,NYG,New York Giants,wikipedia draft page,true,
3052117,Phillip Lindsay,RB,,,38,Colorado,https://a.espncdn.com/i/teamlogos/ncaa/500/38.png,espn,undrafted,2018,,,,,wikipedia infobox,true,
1306,Priest Holmes,RB,,,251,Texas,https://a.espncdn.com/i/teamlogos/ncaa/500/251.png,espn,undrafted,1997,,,,,wikipedia infobox,true,
4426515,Puka Nacua,WR,12,espn,252,BYU,https://a.espncdn.com/i/teamlogos/ncaa/500/252.png,espn,drafted,2023,5,177,LARO,Los Angeles Rams,wikipedia draft page,true,
2576414,Raheem Mostert,RB,31,espn,2509,Purdue,https://a.espncdn.com/i/teamlogos/ncaa/500/2509.png,espn,undrafted,2015,,,,,wikipedia infobox,true,
8,Randall Cunningham,QB,,,2439,UNLV,https://a.espncdn.com/i/teamlogos/ncaa/500/2439.png,wikipedia (ESPN logo),drafted,1985,2,37,PHI,Philadelphia Eagles,wikipedia draft page,true,
1433,Randy Moss,WR,,,276,Marshall,https://a.espncdn.com/i/teamlogos/ncaa/500/276.png,espn,drafted,1998,1,21,MIN,Minnesota Vikings,wikipedia draft page,true,
11289,Ray Rice,RB,27,espn,164,Rutgers,https://a.espncdn.com/i/teamlogos/ncaa/500/164.png,espn,drafted,2008,2,55,BAL,Baltimore Ravens,wikipedia draft page,true,
2578,Reggie Wayne,WR,15,espn,2390,Miami,https://a.espncdn.com/i/teamlogos/ncaa/500/2390.png,espn,drafted,2001,1,30,IND,Indianapolis Colts,wikipedia draft page,true,
33,Rich Gannon,QB,,,48,Delaware,https://a.espncdn.com/i/teamlogos/ncaa/500/48.png,espn,drafted,1987,4,98,NE,New England Patriots,wikipedia draft page,true,drafted 1987 but not found on the draft page
114,Ricky Watters,RB,32,espn,87,Notre Dame,https://a.espncdn.com/i/teamlogos/ncaa/500/87.png,espn,drafted,1991,2,45,SF,San Francisco 49ers,wikipedia draft page,true,
1756,Ricky Williams,RB,,,251,Texas,https://a.espncdn.com/i/teamlogos/ncaa/500/251.png,espn,drafted,1999,1,5,NO,New Orleans Saints,wikipedia draft page,true,
13229,Rob Gronkowski,TE,87,wikipedia,12,Arizona,https://a.espncdn.com/i/teamlogos/ncaa/500/12.png,espn,drafted,2010,2,42,NE,New England Patriots,wikipedia draft page,true,
96,Rob Moore,WR,85,espn,183,Syracuse,https://a.espncdn.com/i/teamlogos/ncaa/500/183.png,espn,undrafted,,,,,,espn+wikipedia (no draft record),true,
14875,Robert Griffin III,QB,,,239,Baylor,https://a.espncdn.com/i/teamlogos/ncaa/500/239.png,espn,drafted,2012,1,2,WSHR,Washington Redskins,wikipedia draft page,true,
386,Robert Smith,RB,,,194,Ohio State,https://a.espncdn.com/i/teamlogos/ncaa/500/194.png,espn,drafted,1993,1,21,MIN,Minnesota Vikings,wikipedia draft page,true,
866,Rod Smith,WR,80,espn,2403,Missouri Southern State,https://a.espncdn.com/i/teamlogos/ncaa/500/2403.png,espn,undrafted,1994,,,,,wikipedia infobox,true,
8442,Roddy White,WR,84,espn,5,UAB,https://a.espncdn.com/i/teamlogos/ncaa/500/5.png,espn,drafted,2005,1,27,ATL,Atlanta Falcons,wikipedia draft page,true,
800,Roell Preston,WR,,,145,Ole Miss,https://a.espncdn.com/i/teamlogos/ncaa/500/145.png,espn,drafted,1995,5,145,ATL,Atlanta Falcons,wikipedia draft page,true,
8417,Ronnie Brown,RB,,,2,Auburn,https://a.espncdn.com/i/teamlogos/ncaa/500/2.png,espn,drafted,2005,1,2,MIA,Miami Dolphins,wikipedia draft page,true,
5532,Roy Williams,WR,11,espn,251,Texas,https://a.espncdn.com/i/teamlogos/ncaa/500/251.png,espn,drafted,2004,1,7,DET,Detroit Lions,wikipedia draft page,true,
2649,Rudi Johnson,RB,32,espn,2,Auburn,https://a.espncdn.com/i/teamlogos/ncaa/500/2.png,espn,drafted,2001,4,100,CIN,Cincinnati Bengals,wikipedia draft page,true,
14881,Russell Wilson,QB,3,espn,275,Wisconsin,https://a.espncdn.com/i/teamlogos/ncaa/500/275.png,espn,drafted,2012,3,75,SEA,Seattle Seahawks,wikipedia draft page,true,
13204,Ryan Mathews,RB,24,espn,278,Fresno State,https://a.espncdn.com/i/teamlogos/ncaa/500/278.png,espn,drafted,2010,1,12,SD,San Diego Chargers,wikipedia draft page,true,
14876,Ryan Tannehill,QB,17,espn,245,Texas A&M,https://a.espncdn.com/i/teamlogos/ncaa/500/245.png,espn,drafted,2012,1,8,MIA,Miami Dolphins,wikipedia draft page,true,
3912547,Sam Darnold,QB,14,espn,30,USC,https://a.espncdn.com/i/teamlogos/ncaa/500/30.png,espn,drafted,2018,1,3,NYJ,New York Jets,wikipedia draft page,true,
4430027,Sam LaPorta,TE,87,espn,2294,Iowa,https://a.espncdn.com/i/teamlogos/ncaa/500/2294.png,espn,drafted,2023,2,34,DET,Detroit Lions,wikipedia draft page,true,
2564,Santana Moss,WR,,,2390,Miami,https://a.espncdn.com/i/teamlogos/ncaa/500/2390.png,espn,drafted,2001,1,16,NYJ,New York Jets,wikipedia draft page,true,
3929630,Saquon Barkley,RB,26,espn,213,Penn State,https://a.espncdn.com/i/teamlogos/ncaa/500/213.png,espn,drafted,2018,1,2,NYG,New York Giants,wikipedia draft page,true,
91,Shannon Sharpe,TE,,,2542,Savannah State,https://a.espncdn.com/i/teamlogos/ncaa/500/2542.png,espn,drafted,1990,7,192,DEN,Denver Broncos,wikipedia draft page,true,drafted 1990 but not found on the draft page
2150,Shaun Alexander,RB,37,espn,333,Alabama,https://a.espncdn.com/i/teamlogos/ncaa/500/333.png,espn,drafted,2000,1,19,SEA,Seattle Seahawks,wikipedia draft page,true,
4432762,Shedeur Sanders,QB,2,espn,38,Colorado,https://a.espncdn.com/i/teamlogos/ncaa/500/38.png,espn,drafted,2025,5,144,CLE,Cleveland Browns,wikipedia draft page,true,
10488,Sidney Rice,WR,18,espn,2579,South Carolina,https://a.espncdn.com/i/teamlogos/ncaa/500/2579.png,espn,drafted,2007,2,44,MIN,Minnesota Vikings,wikipedia draft page,true,
2976212,Stefon Diggs,WR,3,espn,120,Maryland,https://a.espncdn.com/i/teamlogos/ncaa/500/120.png,espn,drafted,2015,5,146,MIN,Minnesota Vikings,wikipedia draft page,true,
1478,Stephen Alexander,TE,,,201,Oklahoma,https://a.espncdn.com/i/teamlogos/ncaa/500/201.png,espn,drafted,1998,2,48,WSHR,Washington Redskins,wikipedia draft page,true,drafted 1998 but not found on the draft page
979,Stephen Davis,RB,48,espn,2,Auburn,https://a.espncdn.com/i/teamlogos/ncaa/500/2.png,espn,drafted,1996,4,102,WSHR,Washington Redskins,wikipedia draft page,true,drafted 1996 but not found on the draft page
18,Steve Beuerlein,QB,,,87,Notre Dame,https://a.espncdn.com/i/teamlogos/ncaa/500/87.png,espn,drafted,1987,4,110,LARD,Los Angeles Raiders,wikipedia draft page,true,
36,Steve Bono,QB,,,26,UCLA,https://a.espncdn.com/i/teamlogos/ncaa/500/26.png,espn,drafted,1985,6,142,MIN,Minnesota Vikings,wikipedia draft page,true,
733,Steve McNair,QB,9,espn,2016,Alcorn State,https://a.espncdn.com/i/teamlogos/ncaa/500/2016.png,espn,drafted,1995,1,3,HOUO,Houston Oilers,wikipedia draft page,true,drafted 1995 but not found on the draft page
3748,Steve Smith,WR,89,wikipedia,254,Utah,https://a.espncdn.com/i/teamlogos/ncaa/500/254.png,wikipedia (ESPN logo),drafted,2002,7,35,JAX,Jacksonville Jaguars,wikipedia draft page,true,
10495,Steve Smith,WR,,,30,USC,https://a.espncdn.com/i/teamlogos/ncaa/500/30.png,espn,drafted,2007,2,51,NYG,New York Giants,wikipedia draft page,true,
13,Steve Young,QB,8,espn,252,BYU,https://a.espncdn.com/i/teamlogos/ncaa/500/252.png,wikipedia (ESPN logo),undrafted,,,,,,espn+wikipedia (no draft record),true,
5549,Steven Jackson,RB,39,espn,204,Oregon State,https://a.espncdn.com/i/teamlogos/ncaa/500/204.png,espn,drafted,2004,1,24,STL,St. Louis Rams,wikipedia draft page,true,
4036133,T.J. Hockenson,TE,87,espn,2294,Iowa,https://a.espncdn.com/i/teamlogos/ncaa/500/2294.png,espn,drafted,2019,1,8,DET,Detroit Lions,wikipedia draft page,true,
2753,T.J. Houshmandzadeh,WR,84,espn,204,Oregon State,https://a.espncdn.com/i/teamlogos/ncaa/500/204.png,espn,drafted,2001,7,204,CIN,Cincinnati Bengals,wikipedia draft page,true,
14924,T.Y. Hilton,WR,,,2229,Florida International,https://a.espncdn.com/i/teamlogos/ncaa/500/2229.png,espn,drafted,2012,3,92,IND,Indianapolis Colts,wikipedia draft page,true,
16728,Teddy Bridgewater,QB,,,97,Louisville,https://a.espncdn.com/i/teamlogos/ncaa/500/97.png,espn,drafted,2014,1,32,MIN,Minnesota Vikings,wikipedia draft page,true,
4239993,Tee Higgins,WR,5,espn,228,Clemson,https://a.espncdn.com/i/teamlogos/ncaa/500/228.png,espn,drafted,2020,2,33,CIN,Cincinnati Bengals,wikipedia draft page,true,
790,Terrell Davis,RB,30,espn,61,Georgia,https://a.espncdn.com/i/teamlogos/ncaa/500/61.png,espn,drafted,1995,6,196,DEN,Denver Broncos,wikipedia draft page,true,
1056,Terrell Owens,WR,,,236,Chattanooga,https://a.espncdn.com/i/teamlogos/ncaa/500/236.png,wikipedia (ESPN logo),drafted,1996,3,89,SF,San Francisco 49ers,wikipedia draft page,true,
77,Terry Allen,RB,,,228,Clemson,https://a.espncdn.com/i/teamlogos/ncaa/500/228.png,espn,drafted,1990,9,241,MIN,Minnesota Vikings,wikipedia draft page,true,
940,Terry Glenn,WR,,,194,Ohio State,https://a.espncdn.com/i/teamlogos/ncaa/500/194.png,espn,drafted,1996,1,7,NE,New England Patriots,wikipedia draft page,true,
3121422,Terry McLaurin,WR,17,espn,194,Ohio State,https://a.espncdn.com/i/teamlogos/ncaa/500/194.png,espn,drafted,2019,3,76,WSHR,Washington Redskins,wikipedia draft page,true,
2138,Thomas Jones,RB,,,258,Virginia,https://a.espncdn.com/i/teamlogos/ncaa/500/258.png,espn,drafted,2000,1,7,ARI,Arizona Cardinals,wikipedia draft page,true,
1218,Tiki Barber,RB,21,espn,258,Virginia,https://a.espncdn.com/i/teamlogos/ncaa/500/258.png,espn,drafted,1997,2,36,NYG,New York Giants,wikipedia draft page,true,drafted 1997 but not found on the draft page
16,Tim Brown,WR,81,espn,87,Notre Dame,https://a.espncdn.com/i/teamlogos/ncaa/500/87.png,espn,drafted,1988,1,6,LARD,Los Angeles Raiders,wikipedia draft page,true,drafted 1988 but not found on the draft page
2977644,Todd Gurley,RB,,,61,Georgia,https://a.espncdn.com/i/teamlogos/ncaa/500/61.png,espn,drafted,2015,1,10,STL,St. Louis Rams,wikipedia draft page,true,
2579,Todd Heap,TE,86,espn,9,Arizona State,https://a.espncdn.com/i/teamlogos/ncaa/500/9.png,espn,drafted,2001,1,31,BAL,Baltimore Ravens,wikipedia draft page,true,
2330,Tom Brady,QB,12,espn,130,Michigan,https://a.espncdn.com/i/teamlogos/ncaa/500/130.png,espn,drafted,2000,6,199,NE,New England Patriots,wikipedia draft page,true,
1231,Tony Gonzalez,TE,88,espn,25,California,https://a.espncdn.com/i/teamlogos/ncaa/500/25.png,espn,drafted,1997,1,13,KC,Kansas City Chiefs,wikipedia draft page,true,
88,Tony Martin,WR,,,11,Colorado Mesa,https://a.espncdn.com/i/teamlogos/ncaa/500/11.png,wikipedia (ESPN logo),drafted,1989,5,126,NYJ,New York Jets,wikipedia draft page,true,
3916148,Tony Pollard,RB,20,espn,235,Memphis,https://a.espncdn.com/i/teamlogos/ncaa/500/235.png,espn,drafted,2019,4,128,DAL,Dallas Cowboys,wikipedia draft page,true,
5209,Tony Romo,QB,9,espn,2197,Eastern Illinois,https://a.espncdn.com/i/teamlogos/ncaa/500/2197.png,espn,undrafted,2003,,,,,wikipedia infobox,true,
1757,Torry Holt,WR,,,152,NC State,https://a.espncdn.com/i/teamlogos/ncaa/500/152.png,espn,drafted,1999,1,6,STL,St. Louis Rams,wikipedia draft page,true,
2606,Travis Henry,RB,20,espn,2633,Tennessee,https://a.espncdn.com/i/teamlogos/ncaa/500/2633.png,espn,drafted,2001,2,27,BUF,Buffalo Bills,wikipedia draft page,true,
826,Travis Jervey,RB,,,2643,The Citadel,https://a.espncdn.com/i/teamlogos/ncaa/500/2643.png,espn,drafted,1995,5,170,GB,Green Bay Packers,wikipedia draft page,true,
15847,Travis Kelce,TE,87,espn,2132,Cincinnati,https://a.espncdn.com/i/teamlogos/ncaa/500/2132.png,espn,drafted,2013,3,63,KC,Kansas City Chiefs,wikipedia draft page,true,
649,Trent Dilfer,QB,,,278,Fresno State,https://a.espncdn.com/i/teamlogos/ncaa/500/278.png,espn,drafted,1994,1,6,TB,Tampa Bay Buccaneers,wikipedia draft page,true,
478,Trent Green,QB,,,84,Indiana,https://a.espncdn.com/i/teamlogos/ncaa/500/84.png,espn,drafted,1993,8,222,SD,San Diego Chargers,wikipedia draft page,true,
4360310,Trevor Lawrence,QB,16,espn,228,Clemson,https://a.espncdn.com/i/teamlogos/ncaa/500/228.png,espn,drafted,2021,1,1,JAX,Jacksonville Jaguars,wikipedia draft page,true,
4361307,Trey McBride,TE,85,espn,36,Colorado State,https://a.espncdn.com/i/teamlogos/ncaa/500/36.png,espn,drafted,2022,2,55,ARI,Arizona Cardinals,wikipedia draft page,true,
53,Troy Aikman,QB,8,espn,26,UCLA,https://a.espncdn.com/i/teamlogos/ncaa/500/26.png,espn,drafted,1989,1,1,DAL,Dallas Cowboys,wikipedia draft page,true,
420,Troy Brown,WR,80,espn,276,Marshall,https://a.espncdn.com/i/teamlogos/ncaa/500/276.png,espn,drafted,1993,8,198,NE,New England Patriots,wikipedia draft page,true,drafted 1993 but not found on the draft page
4241479,Tua Tagovailoa,QB,1,espn,333,Alabama,https://a.espncdn.com/i/teamlogos/ncaa/500/333.png,espn,drafted,2020,1,5,MIA,Miami Dolphins,wikipedia draft page,true,
15788,Tyler Eifert,TE,,,87,Notre Dame,https://a.espncdn.com/i/teamlogos/ncaa/500/87.png,espn,drafted,2013,1,21,CIN,Cincinnati Bengals,wikipedia draft page,true,
4035671,Tyler Huntley,QB,5,espn,254,Utah,https://a.espncdn.com/i/teamlogos/ncaa/500/254.png,espn,undrafted,2020,,,,,wikipedia infobox,true,
4431459,Tyler Warren,TE,84,espn,213,Penn State,https://a.espncdn.com/i/teamlogos/ncaa/500/213.png,espn,drafted,2025,1,14,IND,Indianapolis Colts,wikipedia draft page,true,
3116406,Tyreek Hill,WR,10,espn,2695,West Alabama,https://a.espncdn.com/i/teamlogos/ncaa/500/2695.png,espn,drafted,2016,5,165,KC,Kansas City Chiefs,wikipedia draft page,true,
14163,Tyrod Taylor,QB,6,espn,259,Virginia Tech,https://a.espncdn.com/i/teamlogos/ncaa/500/259.png,espn,drafted,2011,6,180,BAL,Baltimore Ravens,wikipedia draft page,true,
9592,Vernon Davis,TE,,,120,Maryland,https://a.espncdn.com/i/teamlogos/ncaa/500/120.png,espn,drafted,2006,1,6,SF,San Francisco 49ers,wikipedia draft page,true,
13553,Victor Cruz,WR,80,espn,113,Massachusetts,https://a.espncdn.com/i/teamlogos/ncaa/500/113.png,espn,undrafted,2010,,,,,wikipedia infobox,true,
9589,Vince Young,QB,,,251,Texas,https://a.espncdn.com/i/teamlogos/ncaa/500/251.png,espn,drafted,2006,1,3,TEN,Tennessee Titans,wikipedia draft page,true,
8475,Vincent Jackson,WR,83,espn,2458,Northern Colorado,https://a.espncdn.com/i/teamlogos/ncaa/500/2458.png,espn,drafted,2005,2,61,SD,San Diego Chargers,wikipedia draft page,true,
9,Vinny Testaverde,QB,,,2390,Miami,https://a.espncdn.com/i/teamlogos/ncaa/500/2390.png,espn,drafted,1987,1,1,TB,Tampa Bay Buccaneers,wikipedia draft page,true,
7,Warren Moon,QB,1,espn,264,Washington,https://a.espncdn.com/i/teamlogos/ncaa/500/264.png,espn,undrafted,1978,,,,,wikipedia infobox,true,
1175,Warrick Dunn,RB,28,espn,52,Florida State,https://a.espncdn.com/i/teamlogos/ncaa/500/52.png,espn,drafted,1997,1,12,TB,Tampa Bay Buccaneers,wikipedia draft page,true,
5941,Wes Welker,WR,19,espn,2641,Texas Tech,https://a.espncdn.com/i/teamlogos/ncaa/500/2641.png,espn,undrafted,2004,,,,,wikipedia infobox,true,
57,Wesley Walls,TE,,,145,Ole Miss,https://a.espncdn.com/i/teamlogos/ncaa/500/145.png,wikipedia (ESPN logo),drafted,1989,2,56,SF,San Francisco 49ers,wikipedia draft page,true,drafted 1989 but not found on the draft page
5880,Willie Parker,RB,39,wikipedia,153,North Carolina,https://a.espncdn.com/i/teamlogos/ncaa/500/153.png,espn,undrafted,2004,,,,,wikipedia infobox,true,
4481,Willis McGahee,RB,,,2390,Miami,https://a.espncdn.com/i/teamlogos/ncaa/500/2390.png,espn,drafted,2003,1,23,BUF,Buffalo Bills,espn,true,
273,Yancey Thigpen,WR,,,2736,Winston-Salem State,https://a.espncdn.com/i/teamlogos/ncaa/500/2736.png,wikipedia (ESPN logo),drafted,1991,4,90,SD,San Diego Chargers,wikipedia draft page,true,
15835,Zach Ertz,TE,,,24,Stanford,https://a.espncdn.com/i/teamlogos/ncaa/500/24.png,espn,drafted,2013,2,35,PHI,Philadelphia Eagles,wikipedia draft page,true,
10482,Zach Miller,TE,,,9,Arizona State,https://a.espncdn.com/i/teamlogos/ncaa/500/9.png,espn,drafted,2007,2,38,OAK,Oakland Raiders,wikipedia draft page,true,
4429615,Zay Flowers,WR,4,espn,103,Boston College,https://a.espncdn.com/i/teamlogos/ncaa/500/103.png,espn,drafted,2023,1,22,BAL,Baltimore Ravens,wikipedia draft page,true,
